s,match
http://nomisma.org/id/harpasa,http://pleiades.stoa.org/places/599637
http://nomisma.org/id/apollonia_salbace,http://pleiades.stoa.org/places/638757
http://nomisma.org/id/ituci,http://pleiades.stoa.org/places/256232
http://nomisma.org/id/urso,http://pleiades.stoa.org/places/256503
http://nomisma.org/id/arcesine,http://pleiades.stoa.org/places/599517
http://nomisma.org/id/leptis_minor,http://pleiades.stoa.org/places/324767
http://nomisma.org/id/tarraco,http://pleiades.stoa.org/places/246349
http://nomisma.org/id/calagurris_julia,http://pleiades.stoa.org/places/246279
http://nomisma.org/id/mothone,http://pleiades.stoa.org/places/570483
http://nomisma.org/id/barcino,http://pleiades.stoa.org/places/246343
http://nomisma.org/id/aphrodisias_cilicia,http://pleiades.stoa.org/places/648565
http://nomisma.org/id/dipo,http://pleiades.stoa.org/places/260543
http://nomisma.org/id/oenoe,http://pleiades.stoa.org/places/599836
http://nomisma.org/id/grynium,http://pleiades.stoa.org/places/550555
http://nomisma.org/id/thurium,http://pleiades.stoa.org/places/452457
http://nomisma.org/id/histiaea,http://pleiades.stoa.org/places/540817
http://nomisma.org/id/byblus,http://pleiades.stoa.org/places/668216
http://nomisma.org/id/irippo,http://pleiades.stoa.org/places/256229
http://nomisma.org/id/hierocaesareia,http://pleiades.stoa.org/places/550578
http://nomisma.org/id/viminacium,http://pleiades.stoa.org/places/207549
http://nomisma.org/id/orthosia_phoenicia,http://pleiades.stoa.org/places/668325
http://nomisma.org/id/scythopolis,http://pleiades.stoa.org/places/678378
http://nomisma.org/id/eleusis,http://pleiades.stoa.org/places/579920
http://nomisma.org/id/larinum,http://pleiades.stoa.org/places/442629
http://nomisma.org/id/elateia,http://pleiades.stoa.org/places/540755
http://nomisma.org/id/orthe,http://pleiades.stoa.org/places/540992
http://nomisma.org/id/barskunes,http://pleiades.stoa.org/places/252937
http://nomisma.org/id/siris,http://pleiades.stoa.org/places/452450
http://nomisma.org/id/bostra,http://pleiades.stoa.org/places/678073
http://nomisma.org/id/thebae,http://pleiades.stoa.org/places/541137
http://nomisma.org/id/pitane,http://pleiades.stoa.org/places/550833
http://nomisma.org/id/copae,http://pleiades.stoa.org/places/540878
http://nomisma.org/id/aspendus,http://pleiades.stoa.org/places/638776
http://nomisma.org/id/lebedus,http://pleiades.stoa.org/places/570182
http://nomisma.org/id/chalcidian_league,http://pleiades.stoa.org/places/491678
http://nomisma.org/id/dora,http://pleiades.stoa.org/places/678121
http://nomisma.org/id/eleutherna,http://pleiades.stoa.org/places/589772
http://nomisma.org/id/celenderis,http://pleiades.stoa.org/places/648596
http://nomisma.org/id/lipara,http://pleiades.stoa.org/places/462283
http://nomisma.org/id/dardanus,http://pleiades.stoa.org/places/501393
http://nomisma.org/id/cisthene,http://pleiades.stoa.org/places/550648
http://nomisma.org/id/sacili,http://pleiades.stoa.org/places/266017
http://nomisma.org/id/tragilus,http://pleiades.stoa.org/places/501648
http://nomisma.org/id/corone,http://pleiades.stoa.org/places/570125
http://nomisma.org/id/epidaurus,http://pleiades.stoa.org/places/570228
http://nomisma.org/id/bizya,http://pleiades.stoa.org/places/511190
http://nomisma.org/id/croton,http://pleiades.stoa.org/places/452317
http://nomisma.org/id/dipaea-achaean_league,http://pleiades.stoa.org/places/570199
http://nomisma.org/id/olympus,http://pleiades.stoa.org/places/639017
http://nomisma.org/id/canatha,http://pleiades.stoa.org/places/678082
http://nomisma.org/id/amblada,http://pleiades.stoa.org/places/638741
http://nomisma.org/id/priansus,http://pleiades.stoa.org/places/590013
http://nomisma.org/id/julia_traducta,http://pleiades.stoa.org/places/256235
http://nomisma.org/id/pharnaceia,http://pleiades.stoa.org/places/857185
http://nomisma.org/id/dalisandus,http://pleiades.stoa.org/places/652334
http://nomisma.org/id/samothrace,http://pleiades.stoa.org/places/501596
http://nomisma.org/id/belikio,http://pleiades.stoa.org/places/252939
http://nomisma.org/id/stectorium,http://pleiades.stoa.org/places/609535
http://nomisma.org/id/ebura_cerealis,http://pleiades.stoa.org/places/260546
http://nomisma.org/id/nicaea_lydia,http://pleiades.stoa.org/places/550775
http://nomisma.org/id/sergentium,http://pleiades.stoa.org/places/465990
http://nomisma.org/id/bursau,http://pleiades.stoa.org/places/246261
http://nomisma.org/id/arsaos,http://pleiades.stoa.org/places/252934
http://nomisma.org/id/hippus,http://pleiades.stoa.org/places/678185
http://nomisma.org/id/proni,http://pleiades.stoa.org/places/531074
http://nomisma.org/id/eccarra,http://pleiades.stoa.org/places/540752
http://nomisma.org/id/iltirta,http://pleiades.stoa.org/places/246431
http://nomisma.org/id/alia,http://pleiades.stoa.org/places/609298
http://nomisma.org/id/halicarnassus,http://pleiades.stoa.org/places/599636
http://nomisma.org/id/athamanes,http://pleiades.stoa.org/places/540676
http://nomisma.org/id/theisoa,http://pleiades.stoa.org/places/570720
http://nomisma.org/id/isinda,http://pleiades.stoa.org/places/638872
http://nomisma.org/id/phistelia,http://pleiades.stoa.org/places/438737
http://nomisma.org/id/colonia_patricia,http://pleiades.stoa.org/places/256128
http://nomisma.org/id/dyme,http://pleiades.stoa.org/places/570205
http://nomisma.org/id/kese,http://pleiades.stoa.org/places/246452
http://nomisma.org/id/cyzicus,http://pleiades.stoa.org/places/511218
http://nomisma.org/id/laus,http://pleiades.stoa.org/places/452361
http://nomisma.org/id/baris,http://pleiades.stoa.org/places/638790
http://nomisma.org/id/nicopolis_epirus,http://pleiades.stoa.org/places/531013
http://nomisma.org/id/maeonia,http://pleiades.stoa.org/places/550709
http://nomisma.org/id/peumata,http://pleiades.stoa.org/places/541030
http://nomisma.org/id/lampsacus,http://pleiades.stoa.org/places/501570
http://nomisma.org/id/pompeiopolis,http://pleiades.stoa.org/places/845041
http://nomisma.org/id/laeaei,http://pleiades.stoa.org/places/481891
http://nomisma.org/id/caura,http://pleiades.stoa.org/places/256086
http://nomisma.org/id/tralles,http://pleiades.stoa.org/places/599987
http://nomisma.org/id/caryanda,http://pleiades.stoa.org/places/599693
http://nomisma.org/id/madytus,http://pleiades.stoa.org/places/501503
http://nomisma.org/id/panticapaeum,http://pleiades.stoa.org/places/854719
http://nomisma.org/id/cidyessus,http://pleiades.stoa.org/places/609433
http://nomisma.org/id/byzantium,http://pleiades.stoa.org/places/520985
http://nomisma.org/id/dorylaeum,http://pleiades.stoa.org/places/609367
http://nomisma.org/id/tyre,http://pleiades.stoa.org/places/678437
http://nomisma.org/id/phalanna,http://pleiades.stoa.org/places/540992
http://nomisma.org/id/pholegandros,http://pleiades.stoa.org/places/589995
http://nomisma.org/id/mopsium,http://pleiades.stoa.org/places/540950
http://nomisma.org/id/morgantina,http://pleiades.stoa.org/places/462372
http://nomisma.org/id/ilium,http://pleiades.stoa.org/places/550595
http://nomisma.org/id/chalketor,http://pleiades.stoa.org/places/599569
http://nomisma.org/id/seleuceia_ad_tigrim,http://pleiades.stoa.org/places/894178
http://nomisma.org/id/orthosia_caria,http://pleiades.stoa.org/places/599839
http://nomisma.org/id/dium_syria,http://pleiades.stoa.org/places/682543
http://nomisma.org/id/clazomenae,http://pleiades.stoa.org/places/550651
http://nomisma.org/id/neapolis_campania,http://pleiades.stoa.org/places/433014
http://nomisma.org/id/perrhaebia,http://pleiades.stoa.org/places/541027
http://nomisma.org/id/cadyanda,http://pleiades.stoa.org/places/638885
http://nomisma.org/id/amphipolis,http://pleiades.stoa.org/places/501347
http://nomisma.org/id/amathus,http://pleiades.stoa.org/places/707462
http://nomisma.org/id/anthemusia,http://pleiades.stoa.org/places/658405
http://nomisma.org/id/serdaei,http://pleiades.stoa.org/places/452440
http://nomisma.org/id/achilleion,http://pleiades.stoa.org/places/550401
http://nomisma.org/id/neapolis_syria,http://pleiades.stoa.org/places/678301
http://nomisma.org/id/proconnesus,http://pleiades.stoa.org/places/511378
http://nomisma.org/id/zilis,http://pleiades.stoa.org/places/275744
http://nomisma.org/id/aluntium,http://pleiades.stoa.org/places/462228
http://nomisma.org/id/volaterrae,http://pleiades.stoa.org/places/403292
http://nomisma.org/id/mopsus,http://pleiades.stoa.org/places/658538
http://nomisma.org/id/ashdod,http://pleiades.stoa.org/places/687838
http://nomisma.org/id/aetna,http://pleiades.stoa.org/places/465922
http://nomisma.org/id/claudiopolis_bithynium,http://pleiades.stoa.org/places/844879
http://nomisma.org/id/chalcis,http://pleiades.stoa.org/places/540703
http://nomisma.org/id/edessa_macedon,http://pleiades.stoa.org/places/491585
http://nomisma.org/id/pandosia_bruttium,http://pleiades.stoa.org/places/442709
http://nomisma.org/id/compulteria,http://pleiades.stoa.org/places/432890
http://nomisma.org/id/syros,http://pleiades.stoa.org/places/590066
http://nomisma.org/id/abdera_thrace,http://pleiades.stoa.org/places/501323
http://nomisma.org/id/lysias,http://pleiades.stoa.org/places/614738
http://nomisma.org/id/pappa_tiberiopolis,http://pleiades.stoa.org/places/639038
http://nomisma.org/id/coropissus,http://pleiades.stoa.org/places/652347
http://nomisma.org/id/icus,http://pleiades.stoa.org/places/540835
http://nomisma.org/id/cyrene,http://pleiades.stoa.org/places/373778
http://nomisma.org/id/osicerda,http://pleiades.stoa.org/places/252224
http://nomisma.org/id/homolium,http://pleiades.stoa.org/places/540819
http://nomisma.org/id/olbia,http://pleiades.stoa.org/places/226546
http://nomisma.org/id/iaka,http://pleiades.stoa.org/places/246422
http://nomisma.org/id/eleutheropolis,http://pleiades.stoa.org/places/687854
http://nomisma.org/id/dodona,http://pleiades.stoa.org/places/530843
http://nomisma.org/id/treveri,http://pleiades.stoa.org/places/109390
http://nomisma.org/id/elaeus,http://pleiades.stoa.org/places/501411
http://nomisma.org/id/itanus,http://pleiades.stoa.org/places/589824
http://nomisma.org/id/thyrrheium,http://pleiades.stoa.org/places/531123
http://nomisma.org/id/verulamium,http://pleiades.stoa.org/places/79739
http://nomisma.org/id/astypalaea,http://pleiades.stoa.org/places/599536
http://nomisma.org/id/acerrae,http://pleiades.stoa.org/places/432621
http://nomisma.org/id/cosa,http://pleiades.stoa.org/places/413107
http://nomisma.org/id/hypaepa,http://pleiades.stoa.org/places/550585
http://nomisma.org/id/artacoana,http://pleiades.stoa.org/places/30211
http://nomisma.org/id/hyporum,http://pleiades.stoa.org/places/452338
http://nomisma.org/id/phoenice,http://pleiades.stoa.org/places/531061
http://nomisma.org/id/larissa_phriconis,http://pleiades.stoa.org/places/550683
http://nomisma.org/id/conana,http://pleiades.stoa.org/places/638813
http://nomisma.org/id/trebenna,http://pleiades.stoa.org/places/639151
http://nomisma.org/id/stratoniceia,http://pleiades.stoa.org/places/599947
http://nomisma.org/id/bolskan,http://pleiades.stoa.org/places/246539
http://nomisma.org/id/amyzon,http://pleiades.stoa.org/places/599489
http://nomisma.org/id/colone_messenia,http://pleiades.stoa.org/places/573296
http://nomisma.org/id/colone_troas,http://pleiades.stoa.org/places/550661
http://nomisma.org/id/messana,http://pleiades.stoa.org/places/462538
http://nomisma.org/id/rhegium,http://pleiades.stoa.org/places/452416
http://nomisma.org/id/singara,http://pleiades.stoa.org/places/874699
http://nomisma.org/id/phalasarna,http://pleiades.stoa.org/places/589989
http://nomisma.org/id/turiaso,http://pleiades.stoa.org/places/246712
http://nomisma.org/id/cybistra,http://pleiades.stoa.org/places/648614
http://nomisma.org/id/tomaris,http://pleiades.stoa.org/places/550938
http://nomisma.org/id/lyttus,http://pleiades.stoa.org/places/589918
http://nomisma.org/id/ilerda,http://pleiades.stoa.org/places/246431
http://nomisma.org/id/gyaros,http://pleiades.stoa.org/places/589797
http://nomisma.org/id/timbriada,http://pleiades.stoa.org/places/639144
http://nomisma.org/id/trajanopolis_phrygia,http://pleiades.stoa.org/places/609559
http://nomisma.org/id/imbros,http://pleiades.stoa.org/places/501438
http://nomisma.org/id/asine,http://pleiades.stoa.org/places/570125
http://nomisma.org/id/seleuceia_ad_calycadnum,http://pleiades.stoa.org/places/648771
http://nomisma.org/id/antissa,http://pleiades.stoa.org/places/550435
http://nomisma.org/id/antiocheia_ad_cragum,http://pleiades.stoa.org/places/648560
http://nomisma.org/id/euippe,http://pleiades.stoa.org/places/599614
http://nomisma.org/id/assorus,http://pleiades.stoa.org/places/462106
http://nomisma.org/id/argos_amphilochicum,http://pleiades.stoa.org/places/530809
http://nomisma.org/id/phellus,http://pleiades.stoa.org/places/639052
http://nomisma.org/id/tmolus_aureliopolis,http://pleiades.stoa.org/places/550936
http://nomisma.org/id/karaues,http://pleiades.stoa.org/places/252955
http://nomisma.org/id/populonia,http://pleiades.stoa.org/places/403212
http://nomisma.org/id/gorgippia,http://pleiades.stoa.org/places/825265
http://nomisma.org/id/pella_syria,http://pleiades.stoa.org/places/678326
http://nomisma.org/id/pessinus,http://pleiades.stoa.org/places/609500
http://nomisma.org/id/colybrassus,http://pleiades.stoa.org/places/638931
http://nomisma.org/id/antiphellus,http://pleiades.stoa.org/places/638749
http://nomisma.org/id/arpi,http://pleiades.stoa.org/places/442476
http://nomisma.org/id/nacona,http://pleiades.stoa.org/places/465958
http://nomisma.org/id/hierapolis_phrygia,http://pleiades.stoa.org/places/638860
http://nomisma.org/id/rhaucus,http://pleiades.stoa.org/places/590026
http://nomisma.org/id/laodiceia_ad_libanum,http://pleiades.stoa.org/places/668291
http://nomisma.org/id/corinth,http://pleiades.stoa.org/places/570182
http://nomisma.org/id/euboean_league,http://pleiades.stoa.org/places/579925
http://nomisma.org/id/polichna,http://pleiades.stoa.org/places/590000
http://nomisma.org/id/babba,http://pleiades.stoa.org/places/278602
http://nomisma.org/id/apamea_phrygiae,http://pleiades.stoa.org/places/638751
http://nomisma.org/id/las,http://pleiades.stoa.org/places/570417
http://nomisma.org/id/sarnoa,http://pleiades.stoa.org/places/484010
http://nomisma.org/id/aratikos,http://pleiades.stoa.org/places/246181
http://nomisma.org/id/tyras,http://pleiades.stoa.org/places/226800
http://nomisma.org/id/ticinum,http://pleiades.stoa.org/places/383798
http://nomisma.org/id/pheneus,http://pleiades.stoa.org/places/570595
http://nomisma.org/id/antiocheia_pisidia,http://pleiades.stoa.org/places/609307
http://nomisma.org/id/calymna,http://pleiades.stoa.org/places/599684
http://nomisma.org/id/capua,http://pleiades.stoa.org/places/432754
http://nomisma.org/id/rubi,http://pleiades.stoa.org/places/442751
http://nomisma.org/id/hadrianopolis_phrygia,http://pleiades.stoa.org/places/609397
http://nomisma.org/id/salamis_cyprus,http://pleiades.stoa.org/places/707617
http://nomisma.org/id/melita,http://pleiades.stoa.org/places/462310
http://nomisma.org/id/nisibis,http://pleiades.stoa.org/places/874623
http://nomisma.org/id/laerte,http://pleiades.stoa.org/places/648685
http://nomisma.org/id/avenio,http://pleiades.stoa.org/places/148004
http://nomisma.org/id/pogla,http://pleiades.stoa.org/places/639066
http://nomisma.org/id/melos,http://pleiades.stoa.org/places/570474
http://nomisma.org/id/astibus,http://pleiades.stoa.org/places/491530
http://nomisma.org/id/catana,http://pleiades.stoa.org/places/462270
http://nomisma.org/id/delphi,http://pleiades.stoa.org/places/540726
http://nomisma.org/id/philomelium,http://pleiades.stoa.org/places/609501
http://nomisma.org/id/thaliadae,http://pleiades.stoa.org/places/570716
http://nomisma.org/id/antiocheia_syria,http://pleiades.stoa.org/places/658381
http://nomisma.org/id/meliboea,http://pleiades.stoa.org/places/543784
http://nomisma.org/id/apollonia_mordiaeum,http://pleiades.stoa.org/places/638758
http://nomisma.org/id/aegae_achaea,http://pleiades.stoa.org/places/570040
http://nomisma.org/id/cascantum,http://pleiades.stoa.org/places/246301
http://nomisma.org/id/hierapolis_bambyce,http://pleiades.stoa.org/places/658480
http://nomisma.org/id/hamaxitus,http://pleiades.stoa.org/places/550565
http://nomisma.org/id/aradus,http://pleiades.stoa.org/places/668197
http://nomisma.org/id/asopus,http://pleiades.stoa.org/places/570129
http://nomisma.org/id/oba,http://pleiades.stoa.org/places/256340
http://nomisma.org/id/hephaestia,http://pleiades.stoa.org/places/550569
http://nomisma.org/id/lemnos,http://pleiades.stoa.org/places/550693
http://nomisma.org/id/cimissa,http://pleiades.stoa.org/places/465931
http://nomisma.org/id/calynda,http://pleiades.stoa.org/places/638891
http://nomisma.org/id/diospolis,http://pleiades.stoa.org/places/687953
http://nomisma.org/id/mogontiacum,http://pleiades.stoa.org/places/109169
http://nomisma.org/id/ophrynium,http://pleiades.stoa.org/places/550787
http://nomisma.org/id/carthage,http://pleiades.stoa.org/places/314921
http://nomisma.org/id/comana,http://pleiades.stoa.org/places/857095
http://nomisma.org/id/bargasa,http://pleiades.stoa.org/places/599548
http://nomisma.org/id/rome,http://pleiades.stoa.org/places/423025
http://nomisma.org/id/alba_fucens,http://pleiades.stoa.org/places/413005
http://nomisma.org/id/gaziura,http://pleiades.stoa.org/places/857134
http://nomisma.org/id/caelia,http://pleiades.stoa.org/places/442515
http://nomisma.org/id/oricus,http://pleiades.stoa.org/places/481939
http://nomisma.org/id/antiocheia_cebren,http://pleiades.stoa.org/places/550633
http://nomisma.org/id/segesta,http://pleiades.stoa.org/places/462487
http://nomisma.org/id/argos_argolis,http://pleiades.stoa.org/places/570106
http://nomisma.org/id/aegeae_cilicia,http://pleiades.stoa.org/places/658368
http://nomisma.org/id/eso,http://pleiades.stoa.org/places/252928
http://nomisma.org/id/bria,http://pleiades.stoa.org/places/614632
http://nomisma.org/id/zeugma,http://pleiades.stoa.org/places/658636
http://nomisma.org/id/cleonae,http://pleiades.stoa.org/places/570361
http://nomisma.org/id/tenos,http://pleiades.stoa.org/places/590073
http://nomisma.org/id/hadrumetum,http://pleiades.stoa.org/places/324716
http://nomisma.org/id/methylium,http://pleiades.stoa.org/places/543789
http://nomisma.org/id/neopolis,http://pleiades.stoa.org/places/462386
http://nomisma.org/id/lamponeia,http://pleiades.stoa.org/places/550678
http://nomisma.org/id/salapia,http://pleiades.stoa.org/places/442759
http://nomisma.org/id/theodosia,http://pleiades.stoa.org/places/854743
http://nomisma.org/id/salacia,http://pleiades.stoa.org/places/236635
http://nomisma.org/id/phocaea,http://pleiades.stoa.org/places/550823
http://nomisma.org/id/lappa,http://pleiades.stoa.org/places/589894
http://nomisma.org/id/naucratis,http://pleiades.stoa.org/places/727169
http://nomisma.org/id/lucus_augusti,http://pleiades.stoa.org/places/236525
http://nomisma.org/id/galepsus,http://pleiades.stoa.org/places/501422
http://nomisma.org/id/germanicia_caesareia,http://pleiades.stoa.org/places/658474
http://nomisma.org/id/epiphaneia_cilicia,http://pleiades.stoa.org/places/658556
http://nomisma.org/id/hippo_regius,http://pleiades.stoa.org/places/305090
http://nomisma.org/id/dicaea_thrace,http://pleiades.stoa.org/places/501399
http://nomisma.org/id/plarasa,http://pleiades.stoa.org/places/639063
http://nomisma.org/id/rhizos,http://pleiades.stoa.org/places/541085
http://nomisma.org/id/scotussa,http://pleiades.stoa.org/places/541107
http://nomisma.org/id/pella_macedon,http://pleiades.stoa.org/places/491687
http://nomisma.org/id/bailo,http://pleiades.stoa.org/places/256005
http://nomisma.org/id/nicopolis_seleucidis,http://pleiades.stoa.org/places/658547
http://nomisma.org/id/volsinii,http://pleiades.stoa.org/places/413389
http://nomisma.org/id/ravenna,http://pleiades.stoa.org/places/393480
http://nomisma.org/id/tuder,http://pleiades.stoa.org/places/413354
http://nomisma.org/id/alinda,http://pleiades.stoa.org/places/599480
http://nomisma.org/id/ieso,http://pleiades.stoa.org/places/246428
http://nomisma.org/id/daorsia,http://pleiades.stoa.org/places/197242
http://nomisma.org/id/athens,http://pleiades.stoa.org/places/579885
http://nomisma.org/id/stageira,http://pleiades.stoa.org/places/501625
http://nomisma.org/id/ebusus,http://pleiades.stoa.org/places/265883
http://nomisma.org/id/phanagoria,http://pleiades.stoa.org/places/854725
http://nomisma.org/id/hyria_calabria,http://pleiades.stoa.org/places/531025
http://nomisma.org/id/pincum,http://pleiades.stoa.org/places/207345
http://nomisma.org/id/pax_julia,http://pleiades.stoa.org/places/256358
http://nomisma.org/id/thyatira,http://pleiades.stoa.org/places/550924
http://nomisma.org/id/pharos,http://pleiades.stoa.org/places/197433
http://nomisma.org/id/ledon,http://pleiades.stoa.org/places/540908
http://nomisma.org/id/taras,http://pleiades.stoa.org/places/442810
http://nomisma.org/id/olynthus,http://pleiades.stoa.org/places/491678
http://nomisma.org/id/chersonesus_cariae,http://pleiades.stoa.org/places/599571
http://nomisma.org/id/iptuci,http://pleiades.stoa.org/places/256228
http://nomisma.org/id/alipheira-achaean_league,http://pleiades.stoa.org/places/570065
http://nomisma.org/id/hyria_campania,http://pleiades.stoa.org/places/438737
http://nomisma.org/id/salamis_attica,http://pleiades.stoa.org/places/580100
http://nomisma.org/id/ambracia,http://pleiades.stoa.org/places/530794
http://nomisma.org/id/myrlea,http://pleiades.stoa.org/places/511194
http://nomisma.org/id/euthenai,http://pleiades.stoa.org/places/599617
http://nomisma.org/id/axum,http://pleiades.stoa.org/places/39303
http://nomisma.org/id/beroea_macedon,http://pleiades.stoa.org/places/491546
http://nomisma.org/id/iasus,http://pleiades.stoa.org/places/599664
http://nomisma.org/id/dia,http://pleiades.stoa.org/places/844907
http://nomisma.org/id/olbasa,http://pleiades.stoa.org/places/639015
http://nomisma.org/id/blaundus,http://pleiades.stoa.org/places/609344
http://nomisma.org/id/flaviopolis,http://pleiades.stoa.org/places/658569
http://nomisma.org/id/constantinople,http://pleiades.stoa.org/places/520985
http://nomisma.org/id/demetrias_thessaly,http://pleiades.stoa.org/places/540730
http://nomisma.org/id/tenedos,http://pleiades.stoa.org/places/550911
http://nomisma.org/id/tyana,http://pleiades.stoa.org/places/648801
http://nomisma.org/id/fenseris,http://pleiades.stoa.org/places/438737
http://nomisma.org/id/lagbe,http://pleiades.stoa.org/places/638953
http://nomisma.org/id/cyrrhus,http://pleiades.stoa.org/places/658446
http://nomisma.org/id/nertobis,http://pleiades.stoa.org/places/252968
http://nomisma.org/id/nysa_scythopolis,http://pleiades.stoa.org/places/678378
http://nomisma.org/id/sebasteia_heracleopolis,http://pleiades.stoa.org/places/629076
http://nomisma.org/id/hatra,http://pleiades.stoa.org/places/894004
http://nomisma.org/id/hieropolis_castabala,http://pleiades.stoa.org/places/658481
http://nomisma.org/id/bura,http://pleiades.stoa.org/places/897749
http://nomisma.org/id/iliberi,http://pleiades.stoa.org/places/265921
http://nomisma.org/id/ostia,http://pleiades.stoa.org/places/422995
http://nomisma.org/id/aegina_aegina,http://pleiades.stoa.org/places/579853
http://nomisma.org/id/borneskon,http://pleiades.stoa.org/places/252942
http://nomisma.org/id/seteisken,http://pleiades.stoa.org/places/252985
http://nomisma.org/id/scamandria,http://pleiades.stoa.org/places/550888
http://nomisma.org/id/peiraeeus,http://pleiades.stoa.org/places/857024
http://nomisma.org/id/narbo,http://pleiades.stoa.org/places/246347
http://nomisma.org/id/emerita,http://pleiades.stoa.org/places/256155
http://nomisma.org/id/astacus_bithynia,http://pleiades.stoa.org/places/511169
http://nomisma.org/id/perge,http://pleiades.stoa.org/places/639048
http://nomisma.org/id/nicomedia,http://pleiades.stoa.org/places/511337
http://nomisma.org/id/stobi,http://pleiades.stoa.org/places/491731
http://nomisma.org/id/samos,http://pleiades.stoa.org/places/599925
http://nomisma.org/id/cestrus,http://pleiades.stoa.org/places/648665
http://nomisma.org/id/segovia,http://pleiades.stoa.org/places/236658
http://nomisma.org/id/zephyrium,http://pleiades.stoa.org/places/648810
http://nomisma.org/id/iltukoite,http://pleiades.stoa.org/places/252949
http://nomisma.org/id/epiphaneia_syria,http://pleiades.stoa.org/places/668182
http://nomisma.org/id/trapezus,http://pleiades.stoa.org/places/857359
http://nomisma.org/id/caralis,http://pleiades.stoa.org/places/471899
http://nomisma.org/id/germanicopolis_paphlagonia,http://pleiades.stoa.org/places/844926
http://nomisma.org/id/arsinoe_crete,http://pleiades.stoa.org/places/590028
http://nomisma.org/id/aquinum,http://pleiades.stoa.org/places/432695
http://nomisma.org/id/placia,http://pleiades.stoa.org/places/511366
http://nomisma.org/id/augusta,http://pleiades.stoa.org/places/648577
http://nomisma.org/id/briula,http://pleiades.stoa.org/places/638793
http://nomisma.org/id/prostanna,http://pleiades.stoa.org/places/639072
http://nomisma.org/id/rusadir,http://pleiades.stoa.org/places/285512
http://nomisma.org/id/saetabis,http://pleiades.stoa.org/places/266018
http://nomisma.org/id/ctesiphon,http://pleiades.stoa.org/places/893976
http://nomisma.org/id/barce,http://pleiades.stoa.org/places/373750
http://nomisma.org/id/pergamum,http://pleiades.stoa.org/places/550812
http://nomisma.org/id/proerna,http://pleiades.stoa.org/places/541073
http://nomisma.org/id/potidaea,http://pleiades.stoa.org/places/491701
http://nomisma.org/id/cyane,http://pleiades.stoa.org/places/638948
http://nomisma.org/id/scione,http://pleiades.stoa.org/places/501620
http://nomisma.org/id/antigoneia_syria,http://pleiades.stoa.org/places/658380
http://nomisma.org/id/antiochia_ad_callirhoem,http://pleiades.stoa.org/places/658457
http://nomisma.org/id/edessa_mesopotamia,http://pleiades.stoa.org/places/658457
http://nomisma.org/id/balanaea,http://pleiades.stoa.org/places/668206
http://nomisma.org/id/stymphalus,http://pleiades.stoa.org/places/570696
http://nomisma.org/id/thespiae,http://pleiades.stoa.org/places/541141
http://nomisma.org/id/sigeum,http://pleiades.stoa.org/places/550877
http://nomisma.org/id/tiryns,http://pleiades.stoa.org/places/570740
http://nomisma.org/id/zeleia,http://pleiades.stoa.org/places/511461
http://nomisma.org/id/cremna,http://pleiades.stoa.org/places/638814
http://nomisma.org/id/chersonesus_crete,http://pleiades.stoa.org/places/589744
http://nomisma.org/id/axus,http://pleiades.stoa.org/places/590095
http://nomisma.org/id/hybla_magna,http://pleiades.stoa.org/places/462251
http://nomisma.org/id/moda,http://pleiades.stoa.org/places/589938
http://nomisma.org/id/pylus,http://pleiades.stoa.org/places/570640
http://nomisma.org/id/elaeusa,http://pleiades.stoa.org/places/648628
http://nomisma.org/id/byllis,http://pleiades.stoa.org/places/481777
http://nomisma.org/id/anaphe,http://pleiades.stoa.org/places/599491
http://nomisma.org/id/lyrceia-achaean_league,http://pleiades.stoa.org/places/570446
http://nomisma.org/id/heraclea_minoa,http://pleiades.stoa.org/places/462237
http://nomisma.org/id/philadelpheia_cilicia,http://pleiades.stoa.org/places/648736
http://nomisma.org/id/miletus,http://pleiades.stoa.org/places/599799
http://nomisma.org/id/rusicade,http://pleiades.stoa.org/places/305137
http://nomisma.org/id/untikesken,http://pleiades.stoa.org/places/252998
http://nomisma.org/id/isaura,http://pleiades.stoa.org/places/648651
http://nomisma.org/id/pharae,http://pleiades.stoa.org/places/541040
http://nomisma.org/id/simyra,http://pleiades.stoa.org/places/668372
http://nomisma.org/id/alaun,http://pleiades.stoa.org/places/252929
http://nomisma.org/id/pyranthus,http://pleiades.stoa.org/places/590022
http://nomisma.org/id/sinde,http://pleiades.stoa.org/places/825265
http://nomisma.org/id/smyrna,http://pleiades.stoa.org/places/550771
http://nomisma.org/id/temesa,http://pleiades.stoa.org/places/452469
http://nomisma.org/id/bilbilis,http://pleiades.stoa.org/places/246247
http://nomisma.org/id/antigoneia_mantineia,http://pleiades.stoa.org/places/570459
http://nomisma.org/id/vulci,http://pleiades.stoa.org/places/413393
http://nomisma.org/id/acinippo,http://pleiades.stoa.org/places/255950
http://nomisma.org/id/aegae_macedon,http://pleiades.stoa.org/places/491512
http://nomisma.org/id/iltirkesken,http://pleiades.stoa.org/places/252948
http://nomisma.org/id/tigranocerta,http://pleiades.stoa.org/places/874774
http://nomisma.org/id/ikesankom,http://pleiades.stoa.org/places/246352
http://nomisma.org/id/agrigentum,http://pleiades.stoa.org/places/462086
http://nomisma.org/id/savatra,http://pleiades.stoa.org/places/648780
http://nomisma.org/id/brundisium,http://pleiades.stoa.org/places/442509
http://nomisma.org/id/syangela,http://pleiades.stoa.org/places/599948
http://nomisma.org/id/atiliana,http://pleiades.stoa.org/places/246200
http://nomisma.org/id/trapezopolis,http://pleiades.stoa.org/places/639149
http://nomisma.org/id/iuliopolis,http://pleiades.stoa.org/places/844935
http://nomisma.org/id/germanicopolis_cilicia,http://pleiades.stoa.org/places/648635
http://nomisma.org/id/eurymenae,http://pleiades.stoa.org/places/540784
http://nomisma.org/id/rabbath-moba,http://pleiades.stoa.org/places/697632
http://nomisma.org/id/aetolian_league,http://pleiades.stoa.org/places/541139
http://nomisma.org/id/medaba,http://pleiades.stoa.org/places/697701
http://nomisma.org/id/cardia,http://pleiades.stoa.org/places/501458
http://nomisma.org/id/carthaea,http://pleiades.stoa.org/places/570333
http://nomisma.org/id/apameia_myrlea,http://pleiades.stoa.org/places/511194
http://nomisma.org/id/larisa,http://pleiades.stoa.org/places/550683
http://nomisma.org/id/arsinoe_argolis,http://pleiades.stoa.org/places/570482
http://nomisma.org/id/cyme_aeolis,http://pleiades.stoa.org/places/550506
http://nomisma.org/id/abdera_hispania,http://pleiades.stoa.org/places/265762
http://nomisma.org/id/kaisesa,http://pleiades.stoa.org/places/252952
http://nomisma.org/id/cabeira,http://pleiades.stoa.org/places/857177
http://nomisma.org/id/limyra,http://pleiades.stoa.org/places/638961
http://nomisma.org/id/attaea,http://pleiades.stoa.org/places/550474
http://nomisma.org/id/lebadeia,http://pleiades.stoa.org/places/540907
http://nomisma.org/id/corcyra_nigra,http://pleiades.stoa.org/places/197224
http://nomisma.org/id/lacedaemon,http://pleiades.stoa.org/places/570685
http://nomisma.org/id/ebora,http://pleiades.stoa.org/places/256151
http://nomisma.org/id/ceryneia,http://pleiades.stoa.org/places/570354
http://nomisma.org/id/lissus,http://pleiades.stoa.org/places/481896
http://nomisma.org/id/lysinia,http://pleiades.stoa.org/places/638973
http://nomisma.org/id/aesernia,http://pleiades.stoa.org/places/432652
http://nomisma.org/id/myra,http://pleiades.stoa.org/places/639005
http://nomisma.org/id/agyrium,http://pleiades.stoa.org/places/462082
http://nomisma.org/id/ambianum,http://pleiades.stoa.org/places/109321
http://nomisma.org/id/hyrcanis,http://pleiades.stoa.org/places/550588
http://nomisma.org/id/buthrotum,http://pleiades.stoa.org/places/530824
http://nomisma.org/id/zankle,http://pleiades.stoa.org/places/462538
http://nomisma.org/id/coronta,http://pleiades.stoa.org/places/530961
http://nomisma.org/id/same,http://pleiades.stoa.org/places/531093
http://nomisma.org/id/xanthus,http://pleiades.stoa.org/places/639166
http://nomisma.org/id/cythera,http://pleiades.stoa.org/places/570400
http://nomisma.org/id/macedonia_1st_region,http://pleiades.stoa.org/places/501347
http://nomisma.org/id/toletum,http://pleiades.stoa.org/places/266066
http://nomisma.org/id/naxus,http://pleiades.stoa.org/places/462386
http://nomisma.org/id/thessalonica,http://pleiades.stoa.org/places/491741
http://nomisma.org/id/golgi,http://pleiades.stoa.org/places/707512
http://nomisma.org/id/miletopolis,http://pleiades.stoa.org/places/511318
http://nomisma.org/id/aelia_capitolina,http://pleiades.stoa.org/places/687928
http://nomisma.org/id/teuthis-achaean_league,http://pleiades.stoa.org/places/570713
http://nomisma.org/id/hyllarima,http://pleiades.stoa.org/places/599659
http://nomisma.org/id/anazarbus,http://pleiades.stoa.org/places/658378
http://nomisma.org/id/came,http://pleiades.stoa.org/places/554246
http://nomisma.org/id/larissa_cremaste,http://pleiades.stoa.org/places/540904
http://nomisma.org/id/teanum_sidicinum,http://pleiades.stoa.org/places/433146
http://nomisma.org/id/silandus,http://pleiades.stoa.org/places/609528
http://nomisma.org/id/callet,http://pleiades.stoa.org/places/256043
http://nomisma.org/id/arketurki,http://pleiades.stoa.org/places/252932
http://nomisma.org/id/leucas,http://pleiades.stoa.org/places/530974
http://nomisma.org/id/cromna,http://pleiades.stoa.org/places/844994
http://nomisma.org/id/deultum,http://pleiades.stoa.org/places/216788
http://nomisma.org/id/bruttii,http://pleiades.stoa.org/places/452275
http://nomisma.org/id/augusta_trajana,http://pleiades.stoa.org/places/216731
http://nomisma.org/id/ai_khanoum,http://pleiades.stoa.org/places/971693
http://nomisma.org/id/sagalassus,http://pleiades.stoa.org/places/639087
http://nomisma.org/id/marathus,http://pleiades.stoa.org/places/668306
http://nomisma.org/id/caulonia,http://pleiades.stoa.org/places/452352
http://nomisma.org/id/dioscurias,http://pleiades.stoa.org/places/857107
http://nomisma.org/id/oeantheia,http://pleiades.stoa.org/places/540969
http://nomisma.org/id/lete,http://pleiades.stoa.org/places/491651
http://nomisma.org/id/orchomenus_arcadia,http://pleiades.stoa.org/places/570535
http://nomisma.org/id/iconium,http://pleiades.stoa.org/places/648647
http://nomisma.org/id/stiela,http://pleiades.stoa.org/places/465997
http://nomisma.org/id/sermyle,http://pleiades.stoa.org/places/501605
http://nomisma.org/id/acmoneia,http://pleiades.stoa.org/places/609293
http://nomisma.org/id/dicaea_macedon,http://pleiades.stoa.org/places/491570
http://nomisma.org/id/gargara,http://pleiades.stoa.org/places/550544
http://nomisma.org/id/themisonium,http://pleiades.stoa.org/places/642565
http://nomisma.org/id/terina,http://pleiades.stoa.org/places/452470
http://nomisma.org/id/troezen,http://pleiades.stoa.org/places/570756
http://nomisma.org/id/antandrus,http://pleiades.stoa.org/places/550433
http://nomisma.org/id/apameia_syria,http://pleiades.stoa.org/places/668335
http://nomisma.org/id/apollonia_macedon,http://pleiades.stoa.org/places/491526
http://nomisma.org/id/antipatris,http://pleiades.stoa.org/places/687996
http://nomisma.org/id/alabanda,http://pleiades.stoa.org/places/599479
http://nomisma.org/id/cotiaeum,http://pleiades.stoa.org/places/609444
http://nomisma.org/id/temenothyrae,http://pleiades.stoa.org/places/609549
http://nomisma.org/id/dionysopolis_thrace,http://pleiades.stoa.org/places/216793
http://nomisma.org/id/abariltur,http://pleiades.stoa.org/places/252927
http://nomisma.org/id/nicaea_bithynia,http://pleiades.stoa.org/places/511268
http://nomisma.org/id/argos_orestikon,http://pleiades.stoa.org/places/229530
http://nomisma.org/id/patara,http://pleiades.stoa.org/places/639042
http://nomisma.org/id/arcadian_league_early,http://pleiades.stoa.org/places/570287
http://nomisma.org/id/messene,http://pleiades.stoa.org/places/570479
http://nomisma.org/id/samaria_samaria,http://pleiades.stoa.org/places/678370
http://nomisma.org/id/carystus,http://pleiades.stoa.org/places/570336
http://nomisma.org/id/terone,http://pleiades.stoa.org/places/501646
http://nomisma.org/id/leptis_magna,http://pleiades.stoa.org/places/344448
http://nomisma.org/id/hadrianeia,http://pleiades.stoa.org/places/609395
http://nomisma.org/id/allifae,http://pleiades.stoa.org/places/432658
http://nomisma.org/id/coracesium,http://pleiades.stoa.org/places/638933
http://nomisma.org/id/asea,http://pleiades.stoa.org/places/570122
http://nomisma.org/id/metropolis_ionia,http://pleiades.stoa.org/places/550741
http://nomisma.org/id/crannon,http://pleiades.stoa.org/places/540886
http://nomisma.org/id/docimeium,http://pleiades.stoa.org/places/609366
http://nomisma.org/id/stratus,http://pleiades.stoa.org/places/531104
http://nomisma.org/id/melitaea,http://pleiades.stoa.org/places/540941
http://nomisma.org/id/tarra,http://pleiades.stoa.org/places/590072
http://nomisma.org/id/hecatompylos,http://pleiades.stoa.org/places/942276
http://nomisma.org/id/sebaste_paphlagonia,http://pleiades.stoa.org/places/845041
http://nomisma.org/id/carisa,http://pleiades.stoa.org/places/256057
http://nomisma.org/id/zela,http://pleiades.stoa.org/places/857382
http://nomisma.org/id/tium,http://pleiades.stoa.org/places/845084
http://nomisma.org/id/vindobona,http://pleiades.stoa.org/places/128537
http://nomisma.org/id/damania,http://pleiades.stoa.org/places/252197
http://nomisma.org/id/autocane,http://pleiades.stoa.org/places/550618
http://nomisma.org/id/sala_mauretania,http://pleiades.stoa.org/places/275696
http://nomisma.org/id/marium,http://pleiades.stoa.org/places/707574
http://nomisma.org/id/teucheira,http://pleiades.stoa.org/places/373736
http://nomisma.org/id/siga,http://pleiades.stoa.org/places/285521
http://nomisma.org/id/motya,http://pleiades.stoa.org/places/462373
http://nomisma.org/id/telmessus,http://pleiades.stoa.org/places/639137
http://nomisma.org/id/iulis,http://pleiades.stoa.org/places/570314
http://nomisma.org/id/cephaloedium,http://pleiades.stoa.org/places/462154
http://nomisma.org/id/nemausus,http://pleiades.stoa.org/places/148142
http://nomisma.org/id/searo,http://pleiades.stoa.org/places/256449
http://nomisma.org/id/ariassus,http://pleiades.stoa.org/places/638761
http://nomisma.org/id/kalakorikos,http://pleiades.stoa.org/places/246279
http://nomisma.org/id/praesus,http://pleiades.stoa.org/places/590011
http://nomisma.org/id/hipana,http://pleiades.stoa.org/places/462247
http://nomisma.org/id/siblia,http://pleiades.stoa.org/places/614833
http://nomisma.org/id/caesareia_cappadocia,http://pleiades.stoa.org/places/629035
http://nomisma.org/id/palaerus,http://pleiades.stoa.org/places/531034
http://nomisma.org/id/diocleia,http://pleiades.stoa.org/places/609362
http://nomisma.org/id/amphissa,http://pleiades.stoa.org/places/540630
http://nomisma.org/id/myconos,http://pleiades.stoa.org/places/599807
http://nomisma.org/id/utica,http://pleiades.stoa.org/places/315248
http://nomisma.org/id/adada,http://pleiades.stoa.org/places/638733
http://nomisma.org/id/canusium,http://pleiades.stoa.org/places/442525
http://nomisma.org/id/apollonis,http://pleiades.stoa.org/places/550444
http://nomisma.org/id/hyrtacina,http://pleiades.stoa.org/places/589813
http://nomisma.org/id/copia,http://pleiades.stoa.org/places/452457
http://nomisma.org/id/ithaca,http://pleiades.stoa.org/places/530905
http://nomisma.org/id/ilturo,http://pleiades.stoa.org/places/246429
http://nomisma.org/id/silerae,http://pleiades.stoa.org/places/462171
http://nomisma.org/id/signia,http://pleiades.stoa.org/places/423072
http://nomisma.org/id/cydonia,http://pleiades.stoa.org/places/589886
http://nomisma.org/id/rhodes,http://pleiades.stoa.org/places/590030
http://nomisma.org/id/perperene,http://pleiades.stoa.org/places/550814
http://nomisma.org/id/syracuse,http://pleiades.stoa.org/places/462503
http://nomisma.org/id/mesembria,http://pleiades.stoa.org/places/216882
http://nomisma.org/id/amastris,http://pleiades.stoa.org/places/844856
http://nomisma.org/id/neoclaudiopolis,http://pleiades.stoa.org/places/857028
http://nomisma.org/id/bargylia,http://pleiades.stoa.org/places/599550
http://nomisma.org/id/sardes,http://pleiades.stoa.org/places/550867
http://nomisma.org/id/eustibaikula,http://pleiades.stoa.org/places/252945
http://nomisma.org/id/hyrgaleis,http://pleiades.stoa.org/places/609410
http://nomisma.org/id/prusias_ad_mare,http://pleiades.stoa.org/places/511385
http://nomisma.org/id/telos,http://pleiades.stoa.org/places/599960
http://nomisma.org/id/candanus,http://pleiades.stoa.org/places/589838
http://nomisma.org/id/nisa,http://pleiades.stoa.org/places/952093
http://nomisma.org/id/sexsi,http://pleiades.stoa.org/places/266038
http://nomisma.org/id/lapethus,http://pleiades.stoa.org/places/707555
http://nomisma.org/id/abila,http://pleiades.stoa.org/places/677992
http://nomisma.org/id/laodiceia_ad_mare,http://pleiades.stoa.org/places/668290
http://nomisma.org/id/dertosa,http://pleiades.stoa.org/places/246369
http://nomisma.org/id/alexandreia_egypt,http://pleiades.stoa.org/places/727070
http://nomisma.org/id/amestratus,http://pleiades.stoa.org/places/462093
http://nomisma.org/id/cabyle,http://pleiades.stoa.org/places/216859
http://nomisma.org/id/aphrodisias_caria,http://pleiades.stoa.org/places/638753
http://nomisma.org/id/ilipa,http://pleiades.stoa.org/places/256221
http://nomisma.org/id/ariminum,http://pleiades.stoa.org/places/393379
http://nomisma.org/id/verbe,http://pleiades.stoa.org/places/639029
http://nomisma.org/id/amasia,http://pleiades.stoa.org/places/857018
http://nomisma.org/id/titiopolis,http://pleiades.stoa.org/places/648796
http://nomisma.org/id/syedra,http://pleiades.stoa.org/places/648783
http://nomisma.org/id/berytus,http://pleiades.stoa.org/places/678060
http://nomisma.org/id/grimenothyrae,http://pleiades.stoa.org/places/614667
http://nomisma.org/id/atrax,http://pleiades.stoa.org/places/540682
http://nomisma.org/id/caphya,http://pleiades.stoa.org/places/570329
http://nomisma.org/id/pharcadon,http://pleiades.stoa.org/places/541041
http://nomisma.org/id/magnesia_ad_maeandrum,http://pleiades.stoa.org/places/599778
http://nomisma.org/id/myus,http://pleiades.stoa.org/places/599813
http://nomisma.org/id/larissa_troas,http://pleiades.stoa.org/places/550685
http://nomisma.org/id/pellene,http://pleiades.stoa.org/places/570576
http://nomisma.org/id/eusebeia,http://pleiades.stoa.org/places/629035
http://nomisma.org/id/petelia,http://pleiades.stoa.org/places/452403
http://nomisma.org/id/hadrianothera,http://pleiades.stoa.org/places/550560
http://nomisma.org/id/odrysae,http://pleiades.stoa.org/places/216906
http://nomisma.org/id/phaestus,http://pleiades.stoa.org/places/589987
http://nomisma.org/id/larissa_thessaly,http://pleiades.stoa.org/places/540905
http://nomisma.org/id/apollonia_crete,http://pleiades.stoa.org/places/589696
http://nomisma.org/id/gaza,http://pleiades.stoa.org/places/687902
http://nomisma.org/id/aphytis,http://pleiades.stoa.org/places/491525
http://nomisma.org/id/pharsalus,http://pleiades.stoa.org/places/541042
http://nomisma.org/id/aeneia,http://pleiades.stoa.org/places/491513
http://nomisma.org/id/colossae,http://pleiades.stoa.org/places/638811
http://nomisma.org/id/ococleia,http://pleiades.stoa.org/places/614781
http://nomisma.org/id/attuda,http://pleiades.stoa.org/places/638779
http://nomisma.org/id/ostur,http://pleiades.stoa.org/places/256349
http://nomisma.org/id/sabratha,http://pleiades.stoa.org/places/344282
http://nomisma.org/id/heraclea_ad_latmum,http://pleiades.stoa.org/places/599640
http://nomisma.org/id/methydrium_arcadia,http://pleiades.stoa.org/places/570484
http://nomisma.org/id/coroneia,http://pleiades.stoa.org/places/540717
http://nomisma.org/id/arycanda,http://pleiades.stoa.org/places/638769
http://nomisma.org/id/malaca,http://pleiades.stoa.org/places/265963
http://nomisma.org/id/mostene,http://pleiades.stoa.org/places/550752
http://nomisma.org/id/sibidunda,http://pleiades.stoa.org/places/639104
http://nomisma.org/id/choma,http://pleiades.stoa.org/places/638803
http://nomisma.org/id/tegea,http://pleiades.stoa.org/places/570707
http://nomisma.org/id/raphia,http://pleiades.stoa.org/places/688015
http://nomisma.org/id/thermae_himerenses,http://pleiades.stoa.org/places/462513
http://nomisma.org/id/lusi-achaean_league,http://pleiades.stoa.org/places/570438
http://nomisma.org/id/claudiopolis_cilicia,http://pleiades.stoa.org/places/648723
http://nomisma.org/id/caesaraugusta,http://pleiades.stoa.org/places/246344
http://nomisma.org/id/failaka,http://pleiades.stoa.org/places/912851
http://nomisma.org/id/plotinopolis,http://pleiades.stoa.org/places/501572
http://nomisma.org/id/prymnessus,http://pleiades.stoa.org/places/609511
http://nomisma.org/id/sybaris,http://pleiades.stoa.org/places/452457
http://nomisma.org/id/olophyxus,http://pleiades.stoa.org/places/501535
http://nomisma.org/id/laodiceia_ad_lycum,http://pleiades.stoa.org/places/638955
http://nomisma.org/id/thessalian_league,http://pleiades.stoa.org/places/540905
http://nomisma.org/id/marcianopolis,http://pleiades.stoa.org/places/216878
http://nomisma.org/id/babylon,http://pleiades.stoa.org/places/893951
http://nomisma.org/id/sepphoris,http://pleiades.stoa.org/places/678387
http://nomisma.org/id/caena,http://pleiades.stoa.org/places/462225
http://nomisma.org/id/alaesa,http://pleiades.stoa.org/places/462225
http://nomisma.org/id/termessus_minor,http://pleiades.stoa.org/places/639013
http://nomisma.org/id/oropus,http://pleiades.stoa.org/places/580044
http://nomisma.org/id/siscia,http://pleiades.stoa.org/places/197504
http://nomisma.org/id/joppa,http://pleiades.stoa.org/places/687931
http://nomisma.org/id/achulla,http://pleiades.stoa.org/places/324653
http://nomisma.org/id/galaria,http://pleiades.stoa.org/places/465899
http://nomisma.org/id/mytistratus,http://pleiades.stoa.org/places/462381
http://nomisma.org/id/carthago_nova,http://pleiades.stoa.org/places/265849
http://nomisma.org/id/brutobriga,http://pleiades.stoa.org/places/256032
http://nomisma.org/id/carteia,http://pleiades.stoa.org/places/256063
http://nomisma.org/id/lix,http://pleiades.stoa.org/places/275666
http://nomisma.org/id/issus,http://pleiades.stoa.org/places/658490
http://nomisma.org/id/dioshieron,http://pleiades.stoa.org/places/550515
http://nomisma.org/id/side,http://pleiades.stoa.org/places/639105
http://nomisma.org/id/sicinos,http://pleiades.stoa.org/places/590046
http://nomisma.org/id/serdica,http://pleiades.stoa.org/places/207439
http://nomisma.org/id/botrys,http://pleiades.stoa.org/places/668214
http://nomisma.org/id/camulodunum,http://pleiades.stoa.org/places/79393
http://nomisma.org/id/panormus,http://pleiades.stoa.org/places/462410
http://nomisma.org/id/iol,http://pleiades.stoa.org/places/295279
http://nomisma.org/id/gomphi,http://pleiades.stoa.org/places/540792
http://nomisma.org/id/alexandretta,http://pleiades.stoa.org/places/658371
http://nomisma.org/id/camirus,http://pleiades.stoa.org/places/589836
http://nomisma.org/id/ecbatana,http://pleiades.stoa.org/places/903021
http://nomisma.org/id/samsosata,http://pleiades.stoa.org/places/658587
http://nomisma.org/id/arcadian_league,http://pleiades.stoa.org/places/570467
http://nomisma.org/id/arkailikos,http://pleiades.stoa.org/places/252931
http://nomisma.org/id/butuntum,http://pleiades.stoa.org/places/442511
http://nomisma.org/id/myrina_lemni,http://pleiades.stoa.org/places/550755
http://nomisma.org/id/sarmizegetusa,http://pleiades.stoa.org/places/207527
http://nomisma.org/id/elea,http://pleiades.stoa.org/places/530860
http://nomisma.org/id/jerusalem,http://pleiades.stoa.org/places/687928
http://nomisma.org/id/chabacta,http://pleiades.stoa.org/places/860795
http://nomisma.org/id/nesos,http://pleiades.stoa.org/places/550841
http://nomisma.org/id/tylisus,http://pleiades.stoa.org/places/590084
http://nomisma.org/id/hyrium,http://pleiades.stoa.org/places/442839
http://nomisma.org/id/seriphos,http://pleiades.stoa.org/places/590043
http://nomisma.org/id/cercinitis,http://pleiades.stoa.org/places/226658
http://nomisma.org/id/cleitor,http://pleiades.stoa.org/places/570359
http://nomisma.org/id/hadriani_ad_olympum,http://pleiades.stoa.org/places/609396
http://nomisma.org/id/hierapytna,http://pleiades.stoa.org/places/589807
http://nomisma.org/id/herdoniae,http://pleiades.stoa.org/places/442613
http://nomisma.org/id/mastaura,http://pleiades.stoa.org/places/599790
http://nomisma.org/id/chalcis_sub_libano,http://pleiades.stoa.org/places/678086
http://nomisma.org/id/nacoleia,http://pleiades.stoa.org/places/609484
http://nomisma.org/id/tripolis_ad_maeandrum,http://pleiades.stoa.org/places/639152
http://nomisma.org/id/sicyon,http://pleiades.stoa.org/places/570668
http://nomisma.org/id/temnus,http://pleiades.stoa.org/places/550908
http://nomisma.org/id/dionysopolis_phrygia,http://pleiades.stoa.org/places/609363
http://nomisma.org/id/soli-pompeiopolis,http://pleiades.stoa.org/places/648781
http://nomisma.org/id/sebaste_phrygia,http://pleiades.stoa.org/places/609521
http://nomisma.org/id/amisus,http://pleiades.stoa.org/places/857024
http://nomisma.org/id/thelpusa,http://pleiades.stoa.org/places/570722
http://nomisma.org/id/pordosilene,http://pleiades.stoa.org/places/550841
http://nomisma.org/id/macedonia_2nd_region,http://pleiades.stoa.org/places/491741
http://nomisma.org/id/diocaesareia_cilicia,http://pleiades.stoa.org/places/648623
http://nomisma.org/id/damascus,http://pleiades.stoa.org/places/678106
http://nomisma.org/id/emisa,http://pleiades.stoa.org/places/668261
http://nomisma.org/id/zacynthus,http://pleiades.stoa.org/places/456135
http://nomisma.org/id/cadi,http://pleiades.stoa.org/places/609420
http://nomisma.org/id/taxila,http://pleiades.stoa.org/places/60083
http://nomisma.org/id/topirus,http://pleiades.stoa.org/places/501645
http://nomisma.org/id/segisa,http://pleiades.stoa.org/places/252980
http://nomisma.org/id/bisanthe,http://pleiades.stoa.org/places/511187
http://nomisma.org/id/taulara,http://pleiades.stoa.org/places/857345
http://nomisma.org/id/thebes,http://pleiades.stoa.org/places/541138
http://nomisma.org/id/delos,http://pleiades.stoa.org/places/599587
http://nomisma.org/id/valentia,http://pleiades.stoa.org/places/266090
http://nomisma.org/id/leucae,http://pleiades.stoa.org/places/550697
http://nomisma.org/id/paltus,http://pleiades.stoa.org/places/668332
http://nomisma.org/id/cius,http://pleiades.stoa.org/places/511385
http://nomisma.org/id/aquilonia,http://pleiades.stoa.org/places/442471
http://nomisma.org/id/aegiale,http://pleiades.stoa.org/places/599476
http://nomisma.org/id/ilici,http://pleiades.stoa.org/places/265922
http://nomisma.org/id/rotomagus,http://pleiades.stoa.org/places/109287
http://nomisma.org/id/ceraitae,http://pleiades.stoa.org/places/638913
http://nomisma.org/id/ichnae,http://pleiades.stoa.org/places/491619
http://nomisma.org/id/aenus,http://pleiades.stoa.org/places/501337
http://nomisma.org/id/saguntum,http://pleiades.stoa.org/places/266021
http://nomisma.org/id/gyrton,http://pleiades.stoa.org/places/540798
http://nomisma.org/id/cherronesus,http://pleiades.stoa.org/places/226564
http://nomisma.org/id/gangra,http://pleiades.stoa.org/places/844926
http://nomisma.org/id/dioscome,http://pleiades.stoa.org/places/609364
http://nomisma.org/id/poseidonia,http://pleiades.stoa.org/places/442733
http://nomisma.org/id/venusia,http://pleiades.stoa.org/places/442847
http://nomisma.org/id/antiocheia_ad_euphratem,http://pleiades.stoa.org/places/658562
http://nomisma.org/id/pionia,http://pleiades.stoa.org/places/550832
http://nomisma.org/id/tabala,http://pleiades.stoa.org/places/609540
http://nomisma.org/id/uranopolis,http://pleiades.stoa.org/places/501599
http://nomisma.org/id/tricca,http://pleiades.stoa.org/places/541163
http://nomisma.org/id/tripolis_phoenicia,http://pleiades.stoa.org/places/668394
http://nomisma.org/id/thuria,http://pleiades.stoa.org/places/570733
http://nomisma.org/id/salpensa,http://pleiades.stoa.org/places/256417
http://nomisma.org/id/eumeneia,http://pleiades.stoa.org/places/609382
http://nomisma.org/id/sebasteia_pontus,http://pleiades.stoa.org/places/629075
http://nomisma.org/id/midaeum,http://pleiades.stoa.org/places/609473
http://nomisma.org/id/phigaleia,http://pleiades.stoa.org/places/570598
http://nomisma.org/id/tanus,http://pleiades.stoa.org/places/590071
http://nomisma.org/id/mantineia,http://pleiades.stoa.org/places/570459
http://nomisma.org/id/neon,http://pleiades.stoa.org/places/541152
http://nomisma.org/id/aegospotami,http://pleiades.stoa.org/places/501336
http://nomisma.org/id/mytilene,http://pleiades.stoa.org/places/550763
http://nomisma.org/id/coressia,http://pleiades.stoa.org/places/570370
http://nomisma.org/id/aegosthena,http://pleiades.stoa.org/places/570051
http://nomisma.org/id/peparethus,http://pleiades.stoa.org/places/541024
http://nomisma.org/id/acalissus,http://pleiades.stoa.org/places/638736
http://nomisma.org/id/entella,http://pleiades.stoa.org/places/462197
http://nomisma.org/id/philippopolis,http://pleiades.stoa.org/places/216927
http://nomisma.org/id/alexandreia_arachosia,http://pleiades.stoa.org/places/59669
http://nomisma.org/id/aquileia,http://pleiades.stoa.org/places/187290
http://nomisma.org/id/aperlae,http://pleiades.stoa.org/places/638752
http://nomisma.org/id/apollonos-hieron,http://pleiades.stoa.org/places/614605
http://nomisma.org/id/philadelpheia_lydia,http://pleiades.stoa.org/places/570182
http://nomisma.org/id/olba,http://pleiades.stoa.org/places/648725
http://nomisma.org/id/metropolis_phrygia,http://pleiades.stoa.org/places/609471
http://nomisma.org/id/ontikes,http://pleiades.stoa.org/places/252973
http://nomisma.org/id/cyparissia,http://pleiades.stoa.org/places/570397
http://nomisma.org/id/andeda,http://pleiades.stoa.org/places/638744
http://nomisma.org/id/paropus,http://pleiades.stoa.org/places/465971
http://nomisma.org/id/cumae,http://pleiades.stoa.org/places/432808
http://nomisma.org/id/methana,http://pleiades.stoa.org/places/570482
http://nomisma.org/id/alexandreia_ad_issum,http://pleiades.stoa.org/places/658371
http://nomisma.org/id/neronken,http://pleiades.stoa.org/places/246347
http://nomisma.org/id/pydna,http://pleiades.stoa.org/places/491703
http://nomisma.org/id/leontini,http://pleiades.stoa.org/places/462279
http://nomisma.org/id/tomis,http://pleiades.stoa.org/places/217016
http://nomisma.org/id/anactorium,http://pleiades.stoa.org/places/530798
http://nomisma.org/id/molossi,http://pleiades.stoa.org/places/531003
http://nomisma.org/id/selinus_sicily,http://pleiades.stoa.org/places/462489
http://nomisma.org/id/astyra,http://pleiades.stoa.org/places/501364
http://nomisma.org/id/obulco,http://pleiades.stoa.org/places/265982
http://nomisma.org/id/halieis,http://pleiades.stoa.org/places/570274
http://nomisma.org/id/methymna,http://pleiades.stoa.org/places/550738
http://nomisma.org/id/tamusida,http://pleiades.stoa.org/places/256464
http://nomisma.org/id/aegeira,http://pleiades.stoa.org/places/570043
http://nomisma.org/id/ceretapa,http://pleiades.stoa.org/places/638914
http://nomisma.org/id/eion,http://pleiades.stoa.org/places/501410
http://nomisma.org/id/onuba,http://pleiades.stoa.org/places/256346
http://nomisma.org/id/holmi,http://pleiades.stoa.org/places/648643
http://nomisma.org/id/imachara,http://pleiades.stoa.org/places/462259
http://nomisma.org/id/neonteichos,http://pleiades.stoa.org/places/550773
http://nomisma.org/id/icosium,http://pleiades.stoa.org/places/295276
http://nomisma.org/id/andros,http://pleiades.stoa.org/places/589692
http://nomisma.org/id/vetulonia,http://pleiades.stoa.org/places/403291
http://nomisma.org/id/philippi,http://pleiades.stoa.org/places/501482
http://nomisma.org/id/caesareia_ad_libanum,http://pleiades.stoa.org/places/668198
http://nomisma.org/id/metropolis_thessaly,http://pleiades.stoa.org/places/543790
http://nomisma.org/id/myrina_aeolis,http://pleiades.stoa.org/places/550756
http://nomisma.org/id/heraclea_salbace,http://pleiades.stoa.org/places/638857
http://nomisma.org/id/megara,http://pleiades.stoa.org/places/570468
http://nomisma.org/id/nola,http://pleiades.stoa.org/places/432981
http://nomisma.org/id/acanthus,http://pleiades.stoa.org/places/501339
http://nomisma.org/id/nymphaeum,http://pleiades.stoa.org/places/854715
http://nomisma.org/id/anchialus,http://pleiades.stoa.org/places/216702
http://nomisma.org/id/tabae,http://pleiades.stoa.org/places/639125
http://nomisma.org/id/calacte,http://pleiades.stoa.org/places/462123
http://nomisma.org/id/acraephia,http://pleiades.stoa.org/places/540617
http://nomisma.org/id/massalia,http://pleiades.stoa.org/places/148127
http://nomisma.org/id/cibyra,http://pleiades.stoa.org/places/638804
http://nomisma.org/id/lakine,http://pleiades.stoa.org/places/252961
http://nomisma.org/id/cos,http://pleiades.stoa.org/places/599728
http://nomisma.org/id/cnossus,http://pleiades.stoa.org/places/589872
http://nomisma.org/id/mende,http://pleiades.stoa.org/places/501515
http://nomisma.org/id/philadelpheia_syria,http://pleiades.stoa.org/places/697728
http://nomisma.org/id/boeae,http://pleiades.stoa.org/places/570156
http://nomisma.org/id/celsa,http://pleiades.stoa.org/places/246321
http://nomisma.org/id/lamia,http://pleiades.stoa.org/places/540902
http://nomisma.org/id/menaenum,http://pleiades.stoa.org/places/462312
http://nomisma.org/id/ceramus,http://pleiades.stoa.org/places/599707
http://nomisma.org/id/pyxus,http://pleiades.stoa.org/places/452411
http://nomisma.org/id/hypata,http://pleiades.stoa.org/places/540827
http://nomisma.org/id/castulo,http://pleiades.stoa.org/places/265855
http://nomisma.org/id/kaiskata,http://pleiades.stoa.org/places/252953
http://nomisma.org/id/edoni,http://pleiades.stoa.org/places/501409
http://nomisma.org/id/aegium,http://pleiades.stoa.org/places/570049
http://nomisma.org/id/lugdunum,http://pleiades.stoa.org/places/167717
http://nomisma.org/id/carcine,http://pleiades.stoa.org/places/226652
http://nomisma.org/id/hermocapelia,http://pleiades.stoa.org/places/550574
http://nomisma.org/id/azetium,http://pleiades.stoa.org/places/442491
http://nomisma.org/id/caesareia_germanica,http://pleiades.stoa.org/places/511267
http://nomisma.org/id/belaiskom,http://pleiades.stoa.org/places/252938
http://nomisma.org/id/scepsis,http://pleiades.stoa.org/places/550890
http://nomisma.org/id/issa,http://pleiades.stoa.org/places/197329
http://nomisma.org/id/anemurium,http://pleiades.stoa.org/places/648557
http://nomisma.org/id/volcei,http://pleiades.stoa.org/places/442855
http://nomisma.org/id/nicopolis_ad_nestum,http://pleiades.stoa.org/places/501525
http://nomisma.org/id/balsa,http://pleiades.stoa.org/places/256013
http://nomisma.org/id/ancona,http://pleiades.stoa.org/places/413014
http://nomisma.org/id/palaeopolis,http://pleiades.stoa.org/places/638936
http://nomisma.org/id/petra_sicily,http://pleiades.stoa.org/places/462350
http://nomisma.org/id/bisaltae,http://pleiades.stoa.org/places/491547
http://nomisma.org/id/odomanti,http://pleiades.stoa.org/places/501532
http://nomisma.org/id/parrhasia,http://pleiades.stoa.org/places/570564
http://nomisma.org/id/ialysus,http://pleiades.stoa.org/places/589815
http://nomisma.org/id/cassope,http://pleiades.stoa.org/places/530922
http://nomisma.org/id/bagis,http://pleiades.stoa.org/places/609336
http://nomisma.org/id/gades,http://pleiades.stoa.org/places/256177
http://nomisma.org/id/ulia,http://pleiades.stoa.org/places/256499
http://nomisma.org/id/pherae,http://pleiades.stoa.org/places/541044
http://nomisma.org/id/ilercavonia_with_dertosa,http://pleiades.stoa.org/places/246369
http://nomisma.org/id/mylasa,http://pleiades.stoa.org/places/599809
http://nomisma.org/id/scyros,http://pleiades.stoa.org/places/541108
http://nomisma.org/id/lastigi,http://pleiades.stoa.org/places/256260
http://nomisma.org/id/hydisus,http://pleiades.stoa.org/places/599653
http://nomisma.org/id/paestum,http://pleiades.stoa.org/places/442733
http://nomisma.org/id/tityassus,http://pleiades.stoa.org/places/639146
http://nomisma.org/id/metapontum,http://pleiades.stoa.org/places/442658
http://nomisma.org/id/caenicenses,http://pleiades.stoa.org/places/151766
http://nomisma.org/id/basti,http://pleiades.stoa.org/places/265823
http://nomisma.org/id/heliopolis,http://pleiades.stoa.org/places/678179
http://nomisma.org/id/heraclea_lucaniae,http://pleiades.stoa.org/places/452333
http://nomisma.org/id/agathopolis,http://pleiades.stoa.org/places/216721
http://nomisma.org/id/corycus,http://pleiades.stoa.org/places/648612
http://nomisma.org/id/creteia,http://pleiades.stoa.org/places/844991
http://nomisma.org/id/bentian,http://pleiades.stoa.org/places/252940
http://nomisma.org/id/bursa,http://pleiades.stoa.org/places/511384
http://nomisma.org/id/susa,http://pleiades.stoa.org/places/912936
http://nomisma.org/id/kueliokos,http://pleiades.stoa.org/places/252958
http://nomisma.org/id/etenna,http://pleiades.stoa.org/places/638832
http://nomisma.org/id/birytis,http://pleiades.stoa.org/places/550486
http://nomisma.org/id/coela,http://pleiades.stoa.org/places/501471
http://nomisma.org/id/osca,http://pleiades.stoa.org/places/246539
http://nomisma.org/id/capsa,http://pleiades.stoa.org/places/494578
http://nomisma.org/id/nicopolis_ad_lycum,http://pleiades.stoa.org/places/857248
http://nomisma.org/id/myriandrus,http://pleiades.stoa.org/places/658541
http://nomisma.org/id/vibo_valentia,http://pleiades.stoa.org/places/452337
http://nomisma.org/id/mirtiles,http://pleiades.stoa.org/places/256234
http://nomisma.org/id/ercavica,http://pleiades.stoa.org/places/246384
http://nomisma.org/id/numantia,http://pleiades.stoa.org/places/246523
http://nomisma.org/id/parium,http://pleiades.stoa.org/places/511354
http://nomisma.org/id/selinus_cilicia,http://pleiades.stoa.org/places/550874
http://nomisma.org/id/paphus,http://pleiades.stoa.org/places/707586
http://nomisma.org/id/otrus,http://pleiades.stoa.org/places/609489
http://nomisma.org/id/sisapo,http://pleiades.stoa.org/places/266043
http://nomisma.org/id/medeon,http://pleiades.stoa.org/places/530998
http://nomisma.org/id/antiocheia_ad_hippum,http://pleiades.stoa.org/places/678185
http://nomisma.org/id/sinope,http://pleiades.stoa.org/places/857321
http://nomisma.org/id/nacrasa,http://pleiades.stoa.org/places/550767
http://nomisma.org/id/abra,http://pleiades.stoa.org/places/265764
http://nomisma.org/id/lauro,http://pleiades.stoa.org/places/246463
http://nomisma.org/id/antiocheia_ad_maeandrum,http://pleiades.stoa.org/places/638748
http://nomisma.org/id/priene,http://pleiades.stoa.org/places/599905
http://nomisma.org/id/ephesus,http://pleiades.stoa.org/places/599612
http://nomisma.org/id/salviana,http://pleiades.stoa.org/places/311138
http://nomisma.org/id/soli_cyprus,http://pleiades.stoa.org/places/707624
http://nomisma.org/id/gortys-achaean_league,http://pleiades.stoa.org/places/570267
http://nomisma.org/id/amantia,http://pleiades.stoa.org/places/481715
http://nomisma.org/id/cranii,http://pleiades.stoa.org/places/530962
http://nomisma.org/id/scarpheia,http://pleiades.stoa.org/places/541103
http://nomisma.org/id/tiberias,http://pleiades.stoa.org/places/678431
http://nomisma.org/id/halus,http://pleiades.stoa.org/places/540804
http://nomisma.org/id/suessa_aurunca,http://pleiades.stoa.org/places/433132
http://nomisma.org/id/heracleia_pontica,http://pleiades.stoa.org/places/844944
http://nomisma.org/id/hypana-achaean_league,http://pleiades.stoa.org/places/570301
http://nomisma.org/id/paros,http://pleiades.stoa.org/places/599867
http://nomisma.org/id/piacus,http://pleiades.stoa.org/places/465976
http://nomisma.org/id/aenai,http://pleiades.stoa.org/places/589677
http://nomisma.org/id/sciathus,http://pleiades.stoa.org/places/541104
http://nomisma.org/id/camarata,http://pleiades.stoa.org/places/285422
http://nomisma.org/id/olontigi,http://pleiades.stoa.org/places/256339
http://nomisma.org/id/citium,http://pleiades.stoa.org/places/707534
http://nomisma.org/id/onoba,http://pleiades.stoa.org/places/256346
http://nomisma.org/id/istakhr,http://pleiades.stoa.org/places/922662
http://nomisma.org/id/latus,http://pleiades.stoa.org/places/589899
http://nomisma.org/id/haliartus,http://pleiades.stoa.org/places/540801
http://nomisma.org/id/parlais,http://pleiades.stoa.org/places/639039
http://nomisma.org/id/segobriga,http://pleiades.stoa.org/places/266036
http://nomisma.org/id/camarina,http://pleiades.stoa.org/places/462126
http://nomisma.org/id/solus,http://pleiades.stoa.org/places/462497
http://nomisma.org/id/iolla,http://pleiades.stoa.org/places/554240
http://nomisma.org/id/apollonia_pontica,http://pleiades.stoa.org/places/216706
http://nomisma.org/id/agrippia-caesarea_phanagoria,http://pleiades.stoa.org/places/854724
http://nomisma.org/id/sebastopolis_caria,http://pleiades.stoa.org/places/639096
http://nomisma.org/id/laelia,http://pleiades.stoa.org/places/256254
http://nomisma.org/id/ancyra,http://pleiades.stoa.org/places/619103
http://nomisma.org/id/perinthus,http://pleiades.stoa.org/places/511357
http://nomisma.org/id/londinium,http://pleiades.stoa.org/places/79574
http://nomisma.org/id/olympia,http://pleiades.stoa.org/places/570531
http://nomisma.org/id/accilaeum,http://pleiades.stoa.org/places/614583
http://nomisma.org/id/alea,http://pleiades.stoa.org/places/570062
http://nomisma.org/id/naxos,http://pleiades.stoa.org/places/599821
http://nomisma.org/id/atella,http://pleiades.stoa.org/places/432705
http://nomisma.org/id/ikalesken,http://pleiades.stoa.org/places/265932
http://nomisma.org/id/phlius,http://pleiades.stoa.org/places/570602
http://nomisma.org/id/alopeconnesus,http://pleiades.stoa.org/places/507364
http://nomisma.org/id/achaeum,http://pleiades.stoa.org/places/550398
http://nomisma.org/id/memphis,http://pleiades.stoa.org/places/736963
http://nomisma.org/id/adranum,http://pleiades.stoa.org/places/462074
http://nomisma.org/id/cypsela,http://pleiades.stoa.org/places/501489
http://nomisma.org/id/scodra,http://pleiades.stoa.org/places/481986
http://nomisma.org/id/patrae,http://pleiades.stoa.org/places/570567
http://nomisma.org/id/sestus,http://pleiades.stoa.org/places/501609
http://nomisma.org/id/tlos,http://pleiades.stoa.org/places/639147
http://nomisma.org/id/ventipo,http://pleiades.stoa.org/places/256511
http://nomisma.org/id/megara_hyblaea,http://pleiades.stoa.org/places/462307
http://nomisma.org/id/locri_epizephyrii,http://pleiades.stoa.org/places/452369
http://nomisma.org/id/pednelissus,http://pleiades.stoa.org/places/639046
http://nomisma.org/id/ilurco,http://pleiades.stoa.org/places/265930
http://nomisma.org/id/damastium,http://pleiades.stoa.org/places/483974
http://nomisma.org/id/attaleia_lydia,http://pleiades.stoa.org/places/550472
http://nomisma.org/id/corydalla,http://pleiades.stoa.org/places/638937
http://nomisma.org/id/cerasus,http://pleiades.stoa.org/places/857185
http://nomisma.org/id/heracleia_sintica,http://pleiades.stoa.org/places/491616
http://nomisma.org/id/hatria,http://pleiades.stoa.org/places/413163
http://nomisma.org/id/seleuceia_sidera,http://pleiades.stoa.org/places/639098
http://nomisma.org/id/tauromenium,http://pleiades.stoa.org/places/462506
http://nomisma.org/id/cirrha,http://pleiades.stoa.org/places/540868
http://nomisma.org/id/biannos,http://pleiades.stoa.org/places/589730
http://nomisma.org/id/carbula,http://pleiades.stoa.org/places/256056
http://nomisma.org/id/pelinna,http://pleiades.stoa.org/places/541020
http://nomisma.org/id/therma,http://pleiades.stoa.org/places/491740
http://nomisma.org/id/sidyma,http://pleiades.stoa.org/places/639108
http://nomisma.org/id/nuceria,http://pleiades.stoa.org/places/432985
http://nomisma.org/id/cossura,http://pleiades.stoa.org/places/462167
http://nomisma.org/id/iantinum,http://pleiades.stoa.org/places/109059
http://nomisma.org/id/argilos,http://pleiades.stoa.org/places/501358/
http://nomisma.org/id/rhithymna,http://pleiades.stoa.org/places/590028
http://nomisma.org/id/magydus,http://pleiades.stoa.org/places/638980
http://nomisma.org/id/italica,http://pleiades.stoa.org/places/256231
http://nomisma.org/id/gordus_julia,http://pleiades.stoa.org/places/550601
http://nomisma.org/id/sirmium,http://pleiades.stoa.org/places/207447
http://nomisma.org/id/termessus_major,http://pleiades.stoa.org/places/639139
http://nomisma.org/id/okalakom,http://pleiades.stoa.org/places/252971
http://nomisma.org/id/odessus,http://pleiades.stoa.org/places/216904
http://nomisma.org/id/gambrium,http://pleiades.stoa.org/places/550542
http://nomisma.org/id/longane,http://pleiades.stoa.org/places/462287
http://nomisma.org/id/caystriani,http://pleiades.stoa.org/places/550632
http://nomisma.org/id/cierium,http://pleiades.stoa.org/places/540867
http://nomisma.org/id/thronium,http://pleiades.stoa.org/places/541147
http://nomisma.org/id/erythrae,http://pleiades.stoa.org/places/550535
http://nomisma.org/id/gela,http://pleiades.stoa.org/places/462214
http://nomisma.org/id/iulia,http://pleiades.stoa.org/places/609415
http://nomisma.org/id/scylletium,http://pleiades.stoa.org/places/452439
http://nomisma.org/id/bora,http://pleiades.stoa.org/places/265829
http://nomisma.org/id/plataea,http://pleiades.stoa.org/places/541063
http://nomisma.org/id/neapolis_macedon,http://pleiades.stoa.org/places/501523
http://nomisma.org/id/laranda,http://pleiades.stoa.org/places/648693
http://nomisma.org/id/phytia_acarnania,http://pleiades.stoa.org/places/541059
http://nomisma.org/id/gergis,http://pleiades.stoa.org/places/550547
http://nomisma.org/id/ace_ptolemais,http://pleiades.stoa.org/places/678010
http://nomisma.org/id/echinus,http://pleiades.stoa.org/places/530853
http://nomisma.org/id/selge,http://pleiades.stoa.org/places/639100
http://nomisma.org/id/eretria,http://pleiades.stoa.org/places/579925
http://nomisma.org/id/atarneus,http://pleiades.stoa.org/places/550469
http://nomisma.org/id/seleuceia_pieria,http://pleiades.stoa.org/places/658483
http://nomisma.org/id/minoa,http://pleiades.stoa.org/places/599800
http://nomisma.org/id/bithynium,http://pleiades.stoa.org/places/844879
http://nomisma.org/id/thasos,http://pleiades.stoa.org/places/501634
http://nomisma.org/id/barium,http://pleiades.stoa.org/places/442500
http://nomisma.org/id/chaeroneia,http://pleiades.stoa.org/places/540701
http://nomisma.org/id/calchedon,http://pleiades.stoa.org/places/520988
http://nomisma.org/id/lilaea,http://pleiades.stoa.org/places/540915
http://nomisma.org/id/thaena,http://pleiades.stoa.org/places/324825
http://nomisma.org/id/bruzus,http://pleiades.stoa.org/places/609345
http://nomisma.org/id/abacaenum,http://pleiades.stoa.org/places/462062
http://nomisma.org/id/orchomenus_boeotia,http://pleiades.stoa.org/places/540987
http://nomisma.org/id/cimolos,http://pleiades.stoa.org/places/589867
http://nomisma.org/id/sesamus,http://pleiades.stoa.org/places/844856
http://nomisma.org/id/aptera,http://pleiades.stoa.org/places/589704
http://nomisma.org/id/oeniadae,http://pleiades.stoa.org/places/531016
http://nomisma.org/id/aninetus,http://pleiades.stoa.org/places/599493
http://nomisma.org/id/anticyra,http://pleiades.stoa.org/places/540642
http://nomisma.org/id/balbura,http://pleiades.stoa.org/places/638789
http://nomisma.org/id/nicosia,http://pleiades.stoa.org/places/707558
http://nomisma.org/id/rhizon,http://pleiades.stoa.org/places/197471
http://nomisma.org/id/bactra,http://pleiades.stoa.org/places/961886
http://nomisma.org/id/nineveh,http://pleiades.stoa.org/places/874621
http://nomisma.org/id/herbessus,http://pleiades.stoa.org/places/462239
http://nomisma.org/id/seleuceia_isauriae,http://pleiades.stoa.org/places/648771
http://nomisma.org/id/aezanis,http://pleiades.stoa.org/places/609292
http://nomisma.org/id/trajanopolis_thrace,http://pleiades.stoa.org/places/501649
http://nomisma.org/id/pautalia,http://pleiades.stoa.org/places/481949
http://nomisma.org/id/oea,http://pleiades.stoa.org/places/344456
http://nomisma.org/id/adraa,http://pleiades.stoa.org/places/678002
http://nomisma.org/id/pisa,http://pleiades.stoa.org/places/570612
http://nomisma.org/id/peirasiae,http://pleiades.stoa.org/places/540674
http://nomisma.org/id/mediolanum,http://pleiades.stoa.org/places/383706
http://nomisma.org/id/caesareia_panias,http://pleiades.stoa.org/places/678324
http://nomisma.org/id/amphaxitis,http://pleiades.stoa.org/places/491520
http://nomisma.org/id/pale,http://pleiades.stoa.org/places/531036
http://nomisma.org/id/allaria,http://pleiades.stoa.org/places/589679
http://nomisma.org/id/megalopolis,http://pleiades.stoa.org/places/570467
http://nomisma.org/id/tarsus,http://pleiades.stoa.org/places/648789
http://nomisma.org/id/abonuteichos,http://pleiades.stoa.org/places/844847
http://nomisma.org/id/phaselis,http://pleiades.stoa.org/places/639051
http://nomisma.org/id/baitolo,http://pleiades.stoa.org/places/246220
http://nomisma.org/id/lystra,http://pleiades.stoa.org/places/648699
http://nomisma.org/id/colophon,http://pleiades.stoa.org/places/599578
http://nomisma.org/id/euromus,http://pleiades.stoa.org/places/599616
http://nomisma.org/id/sillyum,http://pleiades.stoa.org/places/639109
http://nomisma.org/id/selymbria,http://pleiades.stoa.org/places/511414
http://nomisma.org/id/eresus,http://pleiades.stoa.org/places/550533
http://nomisma.org/id/lycoa-achaean_league,http://pleiades.stoa.org/places/570442
http://nomisma.org/id/hadrianopolis_thrace,http://pleiades.stoa.org/places/501428
http://nomisma.org/id/corduba,http://pleiades.stoa.org/places/256128
http://nomisma.org/id/colonia_claudia_ara_agrippinensium,http://pleiades.stoa.org/places/108751
http://nomisma.org/id/lindus,http://pleiades.stoa.org/places/589913
http://nomisma.org/id/palmyra,http://pleiades.stoa.org/places/668331
http://nomisma.org/id/laodiceia_combusta,http://pleiades.stoa.org/places/619197
http://nomisma.org/id/persia,http://pleiades.stoa.org/places/550867
http://nomisma.org/id/neapolis_ad_harpasum,http://pleiades.stoa.org/places/599823
http://nomisma.org/id/synaus,http://pleiades.stoa.org/places/609537
http://nomisma.org/id/sebaste_syria,http://pleiades.stoa.org/places/678370
http://nomisma.org/id/gerasa,http://pleiades.stoa.org/places/678158
http://nomisma.org/id/gentinus,http://pleiades.stoa.org/places/550546
http://nomisma.org/id/abbaetae-mysi,http://pleiades.stoa.org/places/609481
http://nomisma.org/id/hermione,http://pleiades.stoa.org/places/570292
http://nomisma.org/id/attaleia,http://pleiades.stoa.org/places/638778
http://nomisma.org/id/caesareia_samaria,http://pleiades.stoa.org/places/678401
http://nomisma.org/id/neretum,http://pleiades.stoa.org/places/442688
http://nomisma.org/id/methone_macedon,http://pleiades.stoa.org/places/491663
http://nomisma.org/id/assus,http://pleiades.stoa.org/places/550463
http://nomisma.org/id/myndus,http://pleiades.stoa.org/places/599811
http://nomisma.org/id/abydus,http://pleiades.stoa.org/places/501325
http://nomisma.org/id/arse,http://pleiades.stoa.org/places/266021
http://nomisma.org/id/ruscino,http://pleiades.stoa.org/places/246348
http://nomisma.org/id/chios,http://pleiades.stoa.org/places/550496
http://nomisma.org/id/idalium,http://pleiades.stoa.org/places/707519
http://nomisma.org/id/elyrus,http://pleiades.stoa.org/places/589775
http://nomisma.org/id/teate,http://pleiades.stoa.org/places/413333
http://nomisma.org/id/tenea,http://pleiades.stoa.org/places/570711
http://nomisma.org/id/lalassis,http://pleiades.stoa.org/places/648688
http://nomisma.org/id/pallantium,http://pleiades.stoa.org/places/570548
http://nomisma.org/id/alexandria_on_the_caucasus,http://pleiades.stoa.org/places/59668
http://nomisma.org/id/aenianes,http://pleiades.stoa.org/places/540611
http://nomisma.org/id/gonnus,http://pleiades.stoa.org/places/540793
http://nomisma.org/id/saitta,http://pleiades.stoa.org/places/609517
http://nomisma.org/id/ascalon,http://pleiades.stoa.org/places/687839
http://nomisma.org/id/romula,http://pleiades.stoa.org/places/256210
http://nomisma.org/id/rhosus,http://pleiades.stoa.org/places/658585
http://nomisma.org/id/olus,http://pleiades.stoa.org/places/589959
http://nomisma.org/id/arekorata,http://pleiades.stoa.org/places/252930
http://nomisma.org/id/casae,http://pleiades.stoa.org/places/638904
http://nomisma.org/id/callatis,http://pleiades.stoa.org/places/216744
http://nomisma.org/id/malla,http://pleiades.stoa.org/places/589921
http://nomisma.org/id/raphanea,http://pleiades.stoa.org/places/668350
http://nomisma.org/id/titum,http://pleiades.stoa.org/places/252993
http://nomisma.org/id/synnada,http://pleiades.stoa.org/places/609538
http://nomisma.org/id/magnesia_ad_sipylum,http://pleiades.stoa.org/places/550706
http://nomisma.org/id/alyzia,http://pleiades.stoa.org/places/530793
http://nomisma.org/id/colbasa,http://pleiades.stoa.org/places/638929
http://nomisma.org/id/acci,http://pleiades.stoa.org/places/265765
http://nomisma.org/id/adramyteum,http://pleiades.stoa.org/places/550403
http://nomisma.org/id/poimanenum,http://pleiades.stoa.org/places/511368
http://nomisma.org/id/orippo,http://pleiades.stoa.org/places/256343
http://nomisma.org/id/petra_arabia,http://pleiades.stoa.org/places/697725
http://nomisma.org/id/maroneia,http://pleiades.stoa.org/places/501507
http://nomisma.org/id/velia,http://pleiades.stoa.org/places/383811
http://nomisma.org/id/euchaitis,http://pleiades.stoa.org/places/857120
http://nomisma.org/id/alexandreia_troas,http://pleiades.stoa.org/places/550434
http://nomisma.org/id/neandria,http://pleiades.stoa.org/places/550772
http://nomisma.org/id/cidramus,http://pleiades.stoa.org/places/638919
http://nomisma.org/id/carne,http://pleiades.stoa.org/places/668223
http://nomisma.org/id/carmo,http://pleiades.stoa.org/places/256058
http://nomisma.org/id/pimolisa,http://pleiades.stoa.org/places/845039
http://nomisma.org/id/lilybaeum,http://pleiades.stoa.org/places/462281
http://nomisma.org/id/caunus,http://pleiades.stoa.org/places/638796
http://nomisma.org/id/adana,http://pleiades.stoa.org/places/648548
http://nomisma.org/id/cales,http://pleiades.stoa.org/places/432739
http://nomisma.org/id/doliche,http://pleiades.stoa.org/places/658455
http://nomisma.org/id/clunia,http://pleiades.stoa.org/places/246345
http://nomisma.org/id/codrula,http://pleiades.stoa.org/places/638928
http://nomisma.org/id/tiberiopolis,http://pleiades.stoa.org/places/609557
http://nomisma.org/id/phaloria,http://pleiades.stoa.org/places/541038
http://nomisma.org/id/charax_spasinou,http://pleiades.stoa.org/places/912872
http://nomisma.org/id/eucarpeia,http://pleiades.stoa.org/places/609378
http://nomisma.org/id/euhesperides,http://pleiades.stoa.org/places/373786
http://nomisma.org/id/carrhae,http://pleiades.stoa.org/places/658427
http://nomisma.org/id/gaulos,http://pleiades.stoa.org/places/462212
http://nomisma.org/id/siphnos,http://pleiades.stoa.org/places/590048
http://nomisma.org/id/eryx,http://pleiades.stoa.org/places/462201
http://nomisma.org/id/cnidus,http://pleiades.stoa.org/places/599575
http://nomisma.org/id/pagae,http://pleiades.stoa.org/places/570543
http://nomisma.org/id/corcyra_corcyra,http://pleiades.stoa.org/places/530834
http://nomisma.org/id/neocaesareia,http://pleiades.stoa.org/places/857177
http://nomisma.org/id/elaea,http://pleiades.stoa.org/places/550523
http://nomisma.org/id/consentia,http://pleiades.stoa.org/places/570182
http://nomisma.org/id/pyrrha,http://pleiades.stoa.org/places/550851
http://nomisma.org/id/iaetia,http://pleiades.stoa.org/places/462258
http://nomisma.org/id/demetrias_syria,http://pleiades.stoa.org/places/682541
http://nomisma.org/id/luceria,http://pleiades.stoa.org/places/442640
http://nomisma.org/id/hipponium,http://pleiades.stoa.org/places/452337
http://nomisma.org/id/priapus,http://pleiades.stoa.org/places/511375
http://nomisma.org/id/osset,http://pleiades.stoa.org/places/256344
http://nomisma.org/id/cythnos,http://pleiades.stoa.org/places/570402
http://nomisma.org/id/gythium,http://pleiades.stoa.org/places/570268
http://nomisma.org/id/laodiceia_pontus,http://pleiades.stoa.org/places/857208
http://nomisma.org/id/lyrbe,http://pleiades.stoa.org/places/638970
http://nomisma.org/id/helice,http://pleiades.stoa.org/places/570281
http://nomisma.org/id/teos,http://pleiades.stoa.org/places/550913
http://nomisma.org/id/irenopolis,http://pleiades.stoa.org/places/658458
http://nomisma.org/id/phacium,http://pleiades.stoa.org/places/543837
http://nomisma.org/id/comama,http://pleiades.stoa.org/places/638812
http://nomisma.org/id/megiste,http://pleiades.stoa.org/places/638988
http://nomisma.org/id/tingis,http://pleiades.stoa.org/places/275736
http://nomisma.org/id/mesma,http://pleiades.stoa.org/places/452375
http://nomisma.org/id/apollonia_ad_rhyndacum,http://pleiades.stoa.org/places/511151
http://nomisma.org/id/nicopolis_ad_istrum,http://pleiades.stoa.org/places/216895
http://nomisma.org/id/polyrhenium,http://pleiades.stoa.org/places/590003
http://nomisma.org/id/acrasus,http://pleiades.stoa.org/places/554181
http://nomisma.org/id/antiocheia_ad_pyramum,http://pleiades.stoa.org/places/648702
http://nomisma.org/id/tyndaris,http://pleiades.stoa.org/places/462527
http://nomisma.org/id/zancle,http://pleiades.stoa.org/places/462538
http://nomisma.org/id/rhesaena,http://pleiades.stoa.org/places/874662
http://nomisma.org/id/heracleia_trachinia,http://pleiades.stoa.org/places/541157
http://nomisma.org/id/nysa,http://pleiades.stoa.org/places/599832
http://nomisma.org/id/stratoniceia_hadrianpolis,http://pleiades.stoa.org/places/550898
http://nomisma.org/id/heraea,http://pleiades.stoa.org/places/570287
http://nomisma.org/id/thapsus,http://pleiades.stoa.org/places/324827
http://nomisma.org/id/mallus,http://pleiades.stoa.org/places/648702
http://nomisma.org/id/himera,http://pleiades.stoa.org/places/462244
http://nomisma.org/id/oenoanda,http://pleiades.stoa.org/places/639013
http://nomisma.org/id/barata,http://pleiades.stoa.org/places/648582
http://nomisma.org/id/psophis,http://pleiades.stoa.org/places/570638
http://nomisma.org/id/nicopolis_judea,http://pleiades.stoa.org/places/687891
http://nomisma.org/id/mycalessus,http://pleiades.stoa.org/places/540953
http://nomisma.org/id/astacus_acarnania,http://pleiades.stoa.org/places/530815
http://nomisma.org/id/segeda,http://pleiades.stoa.org/places/246634
http://nomisma.org/id/salona,http://pleiades.stoa.org/places/197488
http://nomisma.org/id/carallia,http://pleiades.stoa.org/places/638898
http://nomisma.org/id/gaba,http://pleiades.stoa.org/places/678138
http://nomisma.org/id/gracurris,http://pleiades.stoa.org/places/246435
http://nomisma.org/id/metropolis_acarnania,http://pleiades.stoa.org/places/531001
http://nomisma.org/id/sybrita,http://pleiades.stoa.org/places/590063
http://nomisma.org/id/anopolis,http://pleiades.stoa.org/places/589694
http://nomisma.org/id/istrus,http://pleiades.stoa.org/places/216839
http://nomisma.org/id/aegae_aeolis,http://pleiades.stoa.org/places/550404
http://nomisma.org/id/asculum,http://pleiades.stoa.org/places/413036
http://nomisma.org/id/malienses_lamia,http://pleiades.stoa.org/places/540902
http://nomisma.org/id/acrae,http://pleiades.stoa.org/places/462068
http://nomisma.org/id/emporiae,http://pleiades.stoa.org/places/246382
http://nomisma.org/id/pandosia_epirus,http://pleiades.stoa.org/places/531039
http://nomisma.org/id/nisyros,http://pleiades.stoa.org/places/599829
http://nomisma.org/id/gadara,http://pleiades.stoa.org/places/678142
http://nomisma.org/id/enna,http://pleiades.stoa.org/places/462236
http://nomisma.org/id/crithote,http://pleiades.stoa.org/places/501485
http://nomisma.org/id/capitolias,http://pleiades.stoa.org/places/678224
http://nomisma.org/id/germe,http://pleiades.stoa.org/places/550577
http://nomisma.org/id/bulla_regia,http://pleiades.stoa.org/places/314912
http://nomisma.org/id/amorium,http://pleiades.stoa.org/places/609302
http://nomisma.org/id/beroea_syria,http://pleiades.stoa.org/places/658409
http://nomisma.org/id/thera,http://pleiades.stoa.org/places/599971
http://nomisma.org/id/rhodiapolis,http://pleiades.stoa.org/places/639078
http://nomisma.org/id/tanagra,http://pleiades.stoa.org/places/580114
http://nomisma.org/id/centuripae,http://pleiades.stoa.org/places/462153
http://nomisma.org/id/idyma,http://pleiades.stoa.org/places/599666
http://nomisma.org/id/arsakoson,http://pleiades.stoa.org/places/252933
http://nomisma.org/id/esbus,http://pleiades.stoa.org/places/697662
http://nomisma.org/id/clannudda,http://pleiades.stoa.org/places/614704
http://nomisma.org/id/lysimachia,http://pleiades.stoa.org/places/501458
http://nomisma.org/id/appia,http://pleiades.stoa.org/places/609314
http://nomisma.org/id/cassandreia,http://pleiades.stoa.org/places/491701
http://nomisma.org/id/sidon,http://pleiades.stoa.org/places/678393
http://nomisma.org/id/nagidus,http://pleiades.stoa.org/places/648717
http://nomisma.org/id/cebren,http://pleiades.stoa.org/places/550633
http://nomisma.org/id/graxa,http://pleiades.stoa.org/places/446246
http://nomisma.org/id/dium_macedon,http://pleiades.stoa.org/places/491572
http://nomisma.org/id/derbe,http://pleiades.stoa.org/places/648621
http://nomisma.org/id/arelate,http://pleiades.stoa.org/places/148217
http://nomisma.org/id/poseidium,http://pleiades.stoa.org/places/590010
http://nomisma.org/id/boeone,http://pleiades.stoa.org/places/554206
http://nomisma.org/id/gortyna,http://pleiades.stoa.org/places/589796
http://nomisma.org/id/gabala,http://pleiades.stoa.org/places/668250
http://nomisma.org/id/harpagion,http://pleiades.stoa.org/places/511264
http://nomisma.org/id/phygela,http://pleiades.stoa.org/places/599887
http://nomisma.org/id/carnuntum,http://pleiades.stoa.org/places/128376
http://nomisma.org/id/naulochus,http://pleiades.stoa.org/places/599818
http://nomisma.org/id/istanbul,http://pleiades.stoa.org/places/77402394
http://nomisma.org/id/nisibin,http://pleiades.stoa.org/places/874623
http://nomisma.org/id/ausesken,http://pleiades.stoa.org/places/252935
http://nomisma.org/id/baria,http://pleiades.stoa.org/places/265820
http://nomisma.org/id/kolounioku,http://pleiades.stoa.org/places/252957
http://nomisma.org/id/callipolis,http://pleiades.stoa.org/places/599682
http://nomisma.org/id/lydae,http://pleiades.stoa.org/places/599575
http://nomisma.org/id/volubilis,http://pleiades.stoa.org/places/275740
http://nomisma.org/id/elis_elis,http://pleiades.stoa.org/places/570220
http://nomisma.org/id/frentrum,http://pleiades.stoa.org/places/438743
http://nomisma.org/id/arcadia_crete,http://pleiades.stoa.org/places/589710
http://nomisma.org/id/amorgos_amorgos,http://pleiades.stoa.org/places/599484
http://nomisma.org/id/ceos_ceos,http://pleiades.stoa.org/places/570348
http://nomisma.org/id/opus,http://pleiades.stoa.org/places/540986
http://nomisma.org/id/alba,http://pleiades.stoa.org/places/265763
http://nomisma.org/id/beuibon,http://pleiades.stoa.org/places/236635
http://nomisma.org/id/celtitan,http://pleiades.stoa.org/places/256089
http://nomisma.org/id/cilbe,http://pleiades.stoa.org/places/256105
http://nomisma.org/id/detumo_sisipo,http://pleiades.stoa.org/places/256149
http://nomisma.org/id/labini,http://pleiades.stoa.org/places/265946
http://nomisma.org/id/longostaletes,http://pleiades.stoa.org/places/148118
http://nomisma.org/id/olkairun,http://pleiades.stoa.org/places/252972
http://nomisma.org/id/oqur,http://pleiades.stoa.org/places/256333
http://nomisma.org/id/orosi,http://pleiades.stoa.org/places/252974
http://nomisma.org/id/oskumken,http://pleiades.stoa.org/places/252975
http://nomisma.org/id/osonuba,http://pleiades.stoa.org/places/256345
http://nomisma.org/id/otobesken,http://pleiades.stoa.org/places/260616
http://nomisma.org/id/roturkon,http://pleiades.stoa.org/places/252977
http://nomisma.org/id/salpesa,http://pleiades.stoa.org/places/256417
http://nomisma.org/id/saltuie,http://pleiades.stoa.org/places/246607
http://nomisma.org/id/samala,http://pleiades.stoa.org/places/252979
http://nomisma.org/id/sekia,http://pleiades.stoa.org/places/252981
http://nomisma.org/id/sekisanos,http://pleiades.stoa.org/places/252982
http://nomisma.org/id/sekotias_iakas,http://pleiades.stoa.org/places/246639
http://nomisma.org/id/sesars,http://pleiades.stoa.org/places/252984
http://nomisma.org/id/sirpens,http://pleiades.stoa.org/places/256446
http://nomisma.org/id/tabaniu,http://pleiades.stoa.org/places/252987
http://nomisma.org/id/tagilit,http://pleiades.stoa.org/places/266058
http://nomisma.org/id/tamaniu,http://pleiades.stoa.org/places/252988
http://nomisma.org/id/tamusiens,http://pleiades.stoa.org/places/252989
http://nomisma.org/id/teitiakos,http://pleiades.stoa.org/places/252990
http://nomisma.org/id/terkakom,http://pleiades.stoa.org/places/246689
http://nomisma.org/id/tirsos,http://pleiades.stoa.org/places/252991
http://nomisma.org/id/titiakos,http://pleiades.stoa.org/places/252992
http://nomisma.org/id/turirecina,http://pleiades.stoa.org/places/256492
http://nomisma.org/id/uarakos,http://pleiades.stoa.org/places/252995
http://nomisma.org/id/uarkas,http://pleiades.stoa.org/places/246546
http://nomisma.org/id/ugia,http://pleiades.stoa.org/places/256501
http://nomisma.org/id/uirouias,http://pleiades.stoa.org/places/246748
http://nomisma.org/id/unanbaate,http://pleiades.stoa.org/places/252997
http://nomisma.org/id/urkesken,http://pleiades.stoa.org/places/266085
http://nomisma.org/id/usamus,http://pleiades.stoa.org/places/252999
http://nomisma.org/id/usekerte,http://pleiades.stoa.org/places/253000
http://nomisma.org/id/vesci,http://pleiades.stoa.org/places/260553
http://nomisma.org/id/peithesa,http://pleiades.stoa.org/places/416843
http://nomisma.org/id/iguvium,http://pleiades.stoa.org/places/413174
http://nomisma.org/id/beneventum,http://pleiades.stoa.org/places/432721
http://nomisma.org/id/calatia,http://pleiades.stoa.org/places/432738
http://nomisma.org/id/nuceria_alfaterna,http://pleiades.stoa.org/places/432985
http://nomisma.org/id/spartolus,http://pleiades.stoa.org/places/491729
http://nomisma.org/id/zone,http://pleiades.stoa.org/places/501667/zone
http://nomisma.org/id/chersonesus_thrace,http://pleiades.stoa.org/places/501386
http://nomisma.org/id/athenae_diades,http://pleiades.stoa.org/places/540681
http://nomisma.org/id/cranae,http://pleiades.stoa.org/places/570379
http://nomisma.org/id/midea,http://pleiades.stoa.org/places/570485
http://nomisma.org/id/cynaetha,http://pleiades.stoa.org/places/570392
http://nomisma.org/id/elisphasii,http://pleiades.stoa.org/places/573202
http://nomisma.org/id/paroreia,http://pleiades.stoa.org/places/570562
http://nomisma.org/id/alassa,http://pleiades.stoa.org/places/589897
http://nomisma.org/id/ceraea,http://pleiades.stoa.org/places/589863
http://nomisma.org/id/matalia,http://pleiades.stoa.org/places/589925
http://nomisma.org/id/aegialus,http://pleiades.stoa.org/places/844852
http://nomisma.org/id/timolaeum,http://pleiades.stoa.org/places/845082
http://nomisma.org/id/hadrianopolis_bithynia,http://pleiades.stoa.org/places/844959
http://nomisma.org/id/timaea,http://pleiades.stoa.org/places/521168
http://nomisma.org/id/dascyleium,http://pleiades.stoa.org/places/511225
http://nomisma.org/id/teuthrania,http://pleiades.stoa.org/places/550916
http://nomisma.org/id/thebe,http://pleiades.stoa.org/places/550919
http://nomisma.org/id/rhoeteium,http://pleiades.stoa.org/places/550856
http://nomisma.org/id/tisna,http://pleiades.stoa.org/places/550933
http://nomisma.org/id/aegirus,http://pleiades.stoa.org/places/554178
http://nomisma.org/id/cithus,http://pleiades.stoa.org/places/554257
http://nomisma.org/id/aerae,http://pleiades.stoa.org/places/550419
http://nomisma.org/id/neapolis_ionia,http://pleiades.stoa.org/places/599823
http://nomisma.org/id/cranaus,http://pleiades.stoa.org/places/606319
http://nomisma.org/id/cys,http://pleiades.stoa.org/places/599743
http://nomisma.org/id/gordiuteichos,http://pleiades.stoa.org/places/642525
http://nomisma.org/id/kindya,http://pleiades.stoa.org/places/599716
http://nomisma.org/id/lepsimandus,http://pleiades.stoa.org/places/599762
http://nomisma.org/id/telmissus,http://pleiades.stoa.org/places/599959
http://nomisma.org/id/termera,http://pleiades.stoa.org/places/599965
http://nomisma.org/id/tymnessus,http://pleiades.stoa.org/places/642567
http://nomisma.org/id/syme,http://pleiades.stoa.org/places/599950
http://nomisma.org/id/acharaca,http://pleiades.stoa.org/places/599472
http://nomisma.org/id/apollonieron,http://pleiades.stoa.org/places/642510
http://nomisma.org/id/aureliopolis,http://pleiades.stoa.org/places/550936
http://nomisma.org/id/cilbiani_inferiores,http://pleiades.stoa.org/places/550641
http://nomisma.org/id/cilbiani_superiores,http://pleiades.stoa.org/places/550640
http://nomisma.org/id/daldis,http://pleiades.stoa.org/places/550508
http://nomisma.org/id/heracleia_ad_sipylum,http://pleiades.stoa.org/places/550706
http://nomisma.org/id/thyessus,http://pleiades.stoa.org/places/642566
http://nomisma.org/id/fulvia,http://pleiades.stoa.org/places/609382
http://nomisma.org/id/hydrela,http://pleiades.stoa.org/places/642528
http://nomisma.org/id/leonnaea,http://pleiades.stoa.org/places/614734
http://nomisma.org/id/palaeobeudos,http://pleiades.stoa.org/places/609342
http://nomisma.org/id/sanaus,http://pleiades.stoa.org/places/638743
http://nomisma.org/id/siocharax,http://pleiades.stoa.org/places/614837
http://nomisma.org/id/araxa,http://pleiades.stoa.org/places/638760
http://nomisma.org/id/arneae,http://pleiades.stoa.org/places/638763
http://nomisma.org/id/bubon,http://pleiades.stoa.org/places/638792
http://nomisma.org/id/candyba,http://pleiades.stoa.org/places/638892
http://nomisma.org/id/cragus,http://pleiades.stoa.org/places/648613
http://nomisma.org/id/cydna,http://pleiades.stoa.org/places/638949
http://nomisma.org/id/dias,http://pleiades.stoa.org/places/642516
http://nomisma.org/id/gagae,http://pleiades.stoa.org/places/638842
http://nomisma.org/id/masicytes,http://pleiades.stoa.org/places/638987
http://nomisma.org/id/pinara,http://pleiades.stoa.org/places/639058
http://nomisma.org/id/podalia,http://pleiades.stoa.org/places/639065
http://nomisma.org/id/tymena,http://pleiades.stoa.org/places/639156
http://nomisma.org/id/olbia_pamphylia,http://pleiades.stoa.org/places/639016
http://nomisma.org/id/ptolemais_pamphylia,http://pleiades.stoa.org/places/639073
http://nomisma.org/id/citanaura,http://pleiades.stoa.org/places/638923
http://nomisma.org/id/cretopolis,http://pleiades.stoa.org/places/638946
http://nomisma.org/id/malus,http://pleiades.stoa.org/places/638983
http://nomisma.org/id/minassus,http://pleiades.stoa.org/places/642544
http://nomisma.org/id/panemoteichos,http://pleiades.stoa.org/places/639036
http://nomisma.org/id/seleuceia_ad_taurum,http://pleiades.stoa.org/places/639099
http://nomisma.org/id/hyde,http://pleiades.stoa.org/places/648644
http://nomisma.org/id/ilistra,http://pleiades.stoa.org/places/648648
http://nomisma.org/id/anchiale,http://pleiades.stoa.org/places/648555
http://nomisma.org/id/antiocheia_ad_cydnum,http://pleiades.stoa.org/places/648789
http://nomisma.org/id/antiocheia_ad_sarum,http://pleiades.stoa.org/places/648548
http://nomisma.org/id/cennatis,http://pleiades.stoa.org/places/648666
http://nomisma.org/id/cibyra_minor,http://pleiades.stoa.org/places/638917
http://nomisma.org/id/iotape,http://pleiades.stoa.org/places/648650
http://nomisma.org/id/isaura_nova,http://pleiades.stoa.org/places/648651
http://nomisma.org/id/lacanatus,http://pleiades.stoa.org/places/658517
http://nomisma.org/id/lamus,http://pleiades.stoa.org/places/648690
http://nomisma.org/id/megarsus,http://pleiades.stoa.org/places/648701
http://nomisma.org/id/seleuceia_ad_pyramum,http://pleiades.stoa.org/places/658538
http://nomisma.org/id/curium,http://pleiades.stoa.org/places/707549
http://nomisma.org/id/antiocheia_ad_taurum,http://pleiades.stoa.org/places/63479235
http://nomisma.org/id/chalcis_ad_belum,http://pleiades.stoa.org/places/668226
http://nomisma.org/id/arethusa,http://pleiades.stoa.org/places/668199/arethusa/
http://nomisma.org/id/larissa_syria,http://pleiades.stoa.org/places/668292
http://nomisma.org/id/leucas_syria,http://pleiades.stoa.org/places/682561
http://nomisma.org/id/diocaesareia,http://pleiades.stoa.org/places/678387
http://nomisma.org/id/anthedon,http://pleiades.stoa.org/places/687826
http://nomisma.org/id/nicephorium,http://pleiades.stoa.org/places/668318
http://nomisma.org/id/zautha,http://pleiades.stoa.org/places/897869
http://nomisma.org/id/charachmoba,http://pleiades.stoa.org/places/697648
http://nomisma.org/id/eboda,http://pleiades.stoa.org/places/687887
http://nomisma.org/id/ptolemais_cyrenaica,http://pleiades.stoa.org/places/373879
http://nomisma.org/id/gergis_syrtica,http://pleiades.stoa.org/places/344372
http://nomisma.org/id/macarea,http://pleiades.stoa.org/places/349602
http://nomisma.org/id/alipota,http://pleiades.stoa.org/places/324663
http://nomisma.org/id/thysdrus,http://pleiades.stoa.org/places/324835
http://nomisma.org/id/clypea,http://pleiades.stoa.org/places/314892
http://nomisma.org/id/hippo_diarrhytus,http://pleiades.stoa.org/places/315038
http://nomisma.org/id/cirta,http://pleiades.stoa.org/places/305064
http://nomisma.org/id/gadiauphala,http://pleiades.stoa.org/places/305082
http://nomisma.org/id/macomada,http://pleiades.stoa.org/places/334583
http://nomisma.org/id/suthul,http://pleiades.stoa.org/places/311143
http://nomisma.org/id/thabraca,http://pleiades.stoa.org/places/315192
http://nomisma.org/id/tipasa,http://pleiades.stoa.org/places/295363
http://nomisma.org/id/tuniza,http://pleiades.stoa.org/places/315235
http://nomisma.org/id/thagora,http://pleiades.stoa.org/places/315199
http://nomisma.org/id/tucca,http://pleiades.stoa.org/places/305172
http://nomisma.org/id/zarai,http://pleiades.stoa.org/places/334669
http://nomisma.org/id/caesareia_mauretania,http://pleiades.stoa.org/places/295279
http://nomisma.org/id/gunugu,http://pleiades.stoa.org/places/295268
http://nomisma.org/id/timici,http://pleiades.stoa.org/places/295362
http://nomisma.org/id/orthagoreia_thrace,http://pleiades.stoa.org/places/507435
